quartet_id,process,arm,kind,pair_id,K,boundary,method,style,role,order,alias,R,wall_ms,unit_ms,per_job_amortized_ms,jobs_per_second,logical_queries_per_second,completed_solves,equivalent_real_tasks,logical_full_field_queries,status,observed_status,reason,timing_valid,execution_contract_ok,sum_entry_unit_ms,outer_loop_record_overhead_ms,library_sha256,worker_sha256
P01_Q000,1,0,MIXED_BATCH,K6_ENTRY_READY_HOST_D1_GRAPH_SERIAL_MIXED,6,ENTRY_READY_HOST,D1_GRAPH,MIXED,B,BAAB,P01_Q000_B,3,21.043712,7.014570666666667,1.4029141333333333,712.8019999513393,595189.6699593684,3,15,12525,OK,OK,,True,True,20.995238,0.048473999999998796,e79a7395cbf0b19e04b0a626bcbf5df2a22f908d0983bef6ee431e36031f9dea,036c02cd74958557732672833f47b00d3338b07b4084e68e60612b7f377d8704
P01_Q000,1,1,MIXED_BATCH,K6_ENTRY_READY_HOST_D1_GRAPH_SERIAL_MIXED,6,ENTRY_READY_HOST,D1_GRAPH,SERIAL,A,BAAB,P01_Q000_A,3,57.568199,19.189399666666667,3.8378799333333333,260.5605223119799,217568.03613050323,15,15,12525,OK,OK,,True,True,57.54083,0.0273690000000002,e79a7395cbf0b19e04b0a626bcbf5df2a22f908d0983bef6ee431e36031f9dea,036c02cd74958557732672833f47b00d3338b07b4084e68e60612b7f377d8704
P01_Q000,1,2,MIXED_BATCH,K6_ENTRY_READY_HOST_D1_GRAPH_SERIAL_MIXED,6,ENTRY_READY_HOST,D1_GRAPH,SERIAL,A,BAAB,P01_Q000_A,3,62.042852,20.680950666666668,4.136190133333334,241.76838292346713,201876.59974109507,15,15,12525,OK,OK,,True,True,62.013222,0.029630000000004486,e79a7395cbf0b19e04b0a626bcbf5df2a22f908d0983bef6ee431e36031f9dea,036c02cd74958557732672833f47b00d3338b07b4084e68e60612b7f377d8704
P01_Q000,1,3,MIXED_BATCH,K6_ENTRY_READY_HOST_D1_GRAPH_SERIAL_MIXED,6,ENTRY_READY_HOST,D1_GRAPH,MIXED,B,BAAB,P01_Q000_B,3,23.292063,7.764021,1.5528042,643.996197331254,537736.8247715972,3,15,12525,OK,OK,,True,True,23.262826,0.029236999999998403,e79a7395cbf0b19e04b0a626bcbf5df2a22f908d0983bef6ee431e36031f9dea,036c02cd74958557732672833f47b00d3338b07b4084e68e60612b7f377d8704
P01_Q001,1,0,AA,K3_ENTRY_READY_HOST_D1_GRAPH_SERIAL_AA,3,ENTRY_READY_HOST,D1_GRAPH,SERIAL,A,ABBA,P01_Q001_A,3,54.452163,18.150721,3.6301442,275.47115070525297,133989.16770303505,15,15,7296,OK,OK,,True,True,54.427791,0.024371999999999616,e79a7395cbf0b19e04b0a626bcbf5df2a22f908d0983bef6ee431e36031f9dea,036c02cd74958557732672833f47b00d3338b07b4084e68e60612b7f377d8704
P01_Q001,1,1,AA,K3_ENTRY_READY_HOST_D1_GRAPH_SERIAL_AA,3,ENTRY_READY_HOST,D1_GRAPH,SERIAL,B,ABBA,P01_Q001_B,3,49.600159,16.533386333333333,3.3066772666666666,302.4183853926759,147096.30265499753,15,15,7296,OK,OK,,True,True,49.574826,0.025332999999996275,e79a7395cbf0b19e04b0a626bcbf5df2a22f908d0983bef6ee431e36031f9dea,036c02cd74958557732672833f47b00d3338b07b4084e68e60612b7f377d8704
P01_Q001,1,2,AA,K3_ENTRY_READY_HOST_D1_GRAPH_SERIAL_AA,3,ENTRY_READY_HOST,D1_GRAPH,SERIAL,B,ABBA,P01_Q001_B,3,48.396342,16.132113999999998,3.2264227999999995,309.9407802350021,150755.19550630503,15,15,7296,OK,OK,,True,True,48.368248,0.028093999999995845,e79a7395cbf0b19e04b0a626bcbf5df2a22f908d0983bef6ee431e36031f9dea,036c02cd74958557732672833f47b00d3338b07b4084e68e60612b7f377d8704
P01_Q001,1,3,AA,K3_ENTRY_READY_HOST_D1_GRAPH_SERIAL_AA,3,ENTRY_READY_HOST,D1_GRAPH,SERIAL,A,ABBA,P01_Q001_A,3,48.720359,16.24011966666667,3.2480239333333336,307.87950474667065,149752.59110878062,15,15,7296,OK,OK,,True,True,48.695066999999995,0.02529200000000742,e79a7395cbf0b19e04b0a626bcbf5df2a22f908d0983bef6ee431e36031f9dea,036c02cd74958557732672833f47b00d3338b07b4084e68e60612b7f377d8704
P01_Q002,1,0,AA,K3_ENTRY_READY_HOST_D1_PUBLISHED_SERIAL_AA,3,ENTRY_READY_HOST,D1_PUBLISHED,SERIAL,B,BAAB,P01_Q002_B,3,51.204283,17.06809433333333,3.413618866666666,292.9442445273572,142488.08053810656,15,15,7296,OK,OK,,True,True,51.176778,0.027504999999997892,e79a7395cbf0b19e04b0a626bcbf5df2a22f908d0983bef6ee431e36031f9dea,036c02cd74958557732672833f47b00d3338b07b4084e68e60612b7f377d8704
P01_Q002,1,1,AA,K3_ENTRY_READY_HOST_D1_PUBLISHED_SERIAL_AA,3,ENTRY_READY_HOST,D1_PUBLISHED,SERIAL,A,BAAB,P01_Q002_A,3,52.052394,17.350798,3.4701596,288.1711838268188,140166.46381336465,15,15,7296,OK,OK,,True,True,52.023025000000004,0.029368999999995538,e79a7395cbf0b19e04b0a626bcbf5df2a22f908d0983bef6ee431e36031f9dea,036c02cd74958557732672833f47b00d3338b07b4084e68e60612b7f377d8704
P01_Q002,1,2,AA,K3_ENTRY_READY_HOST_D1_PUBLISHED_SERIAL_AA,3,ENTRY_READY_HOST,D1_PUBLISHED,SERIAL,A,BAAB,P01_Q002_A,3,52.077616,17.359205333333332,3.4718410666666664,288.0316180372005,140098.57901329434,15,15,7296,OK,OK,,True,True,52.052602,0.02501399999999876,e79a7395cbf0b19e04b0a626bcbf5df2a22f908d0983bef6ee431e36031f9dea,036c02cd74958557732672833f47b00d3338b07b4084e68e60612b7f377d8704
P01_Q002,1,3,AA,K3_ENTRY_READY_HOST_D1_PUBLISHED_SERIAL_AA,3,ENTRY_READY_HOST,D1_PUBLISHED,SERIAL,B,BAAB,P01_Q002_B,3,51.678809,17.226269666666667,3.4452539333333334,290.25436712366957,141179.72416895287,15,15,7296,OK,OK,,True,True,51.649382,0.029426999999998316,e79a7395cbf0b19e04b0a626bcbf5df2a22f908d0983bef6ee431e36031f9dea,036c02cd74958557732672833f47b00d3338b07b4084e68e60612b7f377d8704
P01_Q003,1,0,AA,K6_ENTRY_READY_HOST_D1_PUBLISHED_MIXED_AA,6,ENTRY_READY_HOST,D1_PUBLISHED,MIXED,B,BAAB,P01_Q003_B,3,21.572502,7.190834,1.4381667999999999,695.3296377026643,580600.2474817247,3,15,12525,OK,OK,,True,True,21.544831000000002,0.027670999999998003,e79a7395cbf0b19e04b0a626bcbf5df2a22f908d0983bef6ee431e36031f9dea,036c02cd74958557732672833f47b00d3338b07b4084e68e60612b7f377d8704
P01_Q003,1,1,AA,K6_ENTRY_READY_HOST_D1_PUBLISHED_MIXED_AA,6,ENTRY_READY_HOST,D1_PUBLISHED,MIXED,A,BAAB,P01_Q003_A,3,21.295088,7.098362666666667,1.4196725333333333,704.3877912126966,588163.8056626016,3,15,12525,OK,OK,,True,True,21.265362,0.02972600000000014,e79a7395cbf0b19e04b0a626bcbf5df2a22f908d0983bef6ee431e36031f9dea,036c02cd74958557732672833f47b00d3338b07b4084e68e60612b7f377d8704
P01_Q003,1,2,AA,K6_ENTRY_READY_HOST_D1_PUBLISHED_MIXED_AA,6,ENTRY_READY_HOST,D1_PUBLISHED,MIXED,A,BAAB,P01_Q003_A,3,21.762628,7.254209333333333,1.4508418666666665,689.2549925496131,575527.918778927,3,15,12525,OK,OK,,True,True,21.727656,0.03497199999999978,e79a7395cbf0b19e04b0a626bcbf5df2a22f908d0983bef6ee431e36031f9dea,036c02cd74958557732672833f47b00d3338b07b4084e68e60612b7f377d8704
P01_Q003,1,3,AA,K6_ENTRY_READY_HOST_D1_PUBLISHED_MIXED_AA,6,ENTRY_READY_HOST,D1_PUBLISHED,MIXED,B,BAAB,P01_Q003_B,3,21.423168,7.141056,1.4282112,700.1765565204922,584647.424694611,3,15,12525,OK,OK,,True,True,21.392927,0.030241000000000184,e79a7395cbf0b19e04b0a626bcbf5df2a22f908d0983bef6ee431e36031f9dea,036c02cd74958557732672833f47b00d3338b07b4084e68e60612b7f377d8704
P01_Q004,1,0,AA,K6_RESIDENT_IO_D1_GRAPH_MIXED_AA,6,RESIDENT_IO,D1_GRAPH,MIXED,B,BAAB,P01_Q004_B,10,17.398377,1.7398377,0.34796754,2873.8312774806523,2399649.1166963447,10,50,41750,OK,OK,,True,True,,,e79a7395cbf0b19e04b0a626bcbf5df2a22f908d0983bef6ee431e36031f9dea,036c02cd74958557732672833f47b00d3338b07b4084e68e60612b7f377d8704
P01_Q004,1,1,AA,K6_RESIDENT_IO_D1_GRAPH_MIXED_AA,6,RESIDENT_IO,D1_GRAPH,MIXED,A,BAAB,P01_Q004_A,10,18.259112,1.8259111999999997,0.36518223999999994,2738.3587986097027,2286529.596839102,10,50,41750,OK,OK,,True,True,,,e79a7395cbf0b19e04b0a626bcbf5df2a22f908d0983bef6ee431e36031f9dea,036c02cd74958557732672833f47b00d3338b07b4084e68e60612b7f377d8704
P01_Q004,1,2,AA,K6_RESIDENT_IO_D1_GRAPH_MIXED_AA,6,RESIDENT_IO,D1_GRAPH,MIXED,A,BAAB,P01_Q004_A,10,17.584486,1.7584486,0.35168972,2843.4154970466584,2374251.9400339597,10,50,41750,OK,OK,,True,True,,,e79a7395cbf0b19e04b0a626bcbf5df2a22f908d0983bef6ee431e36031f9dea,036c02cd74958557732672833f47b00d3338b07b4084e68e60612b7f377d8704
P01_Q004,1,3,AA,K6_RESIDENT_IO_D1_GRAPH_MIXED_AA,6,RESIDENT_IO,D1_GRAPH,MIXED,B,BAAB,P01_Q004_B,10,17.673378,1.7673378,0.35346756,2829.1139362265662,2362310.136749183,10,50,41750,OK,OK,,True,True,,,e79a7395cbf0b19e04b0a626bcbf5df2a22f908d0983bef6ee431e36031f9dea,036c02cd74958557732672833f47b00d3338b07b4084e68e60612b7f377d8704
P01_Q005,1,0,AA,K6_ENTRY_READY_HOST_D1_GRAPH_SERIAL_AA,6,ENTRY_READY_HOST,D1_GRAPH,SERIAL,B,BAAB,P01_Q005_B,3,56.550276,18.850092,3.7700184,265.25069479766995,221484.3301560544,15,15,12525,OK,OK,,True,True,56.523686999999995,0.026589000000001306,e79a7395cbf0b19e04b0a626bcbf5df2a22f908d0983bef6ee431e36031f9dea,036c02cd74958557732672833f47b00d3338b07b4084e68e60612b7f377d8704
P01_Q005,1,1,AA,K6_ENTRY_READY_HOST_D1_GRAPH_SERIAL_AA,6,ENTRY_READY_HOST,D1_GRAPH,SERIAL,A,BAAB,P01_Q005_A,3,58.608096,19.536032000000002,3.9072064000000006,255.93733671197916,213707.67615450258,15,15,12525,OK,OK,,True,True,58.574473,0.03362300000000573,e79a7395cbf0b19e04b0a626bcbf5df2a22f908d0983bef6ee431e36031f9dea,036c02cd74958557732672833f47b00d3338b07b4084e68e60612b7f377d8704
P01_Q005,1,2,AA,K6_ENTRY_READY_HOST_D1_GRAPH_SERIAL_AA,6,ENTRY_READY_HOST,D1_GRAPH,SERIAL,A,BAAB,P01_Q005_A,3,56.285546,18.761848666666666,3.752369733333333,266.4982587181441,222526.04602965032,15,15,12525,OK,OK,,True,True,56.256013,0.029532999999993592,e79a7395cbf0b19e04b0a626bcbf5df2a22f908d0983bef6ee431e36031f9dea,036c02cd74958557732672833f47b00d3338b07b4084e68e60612b7f377d8704
P01_Q005,1,3,AA,K6_ENTRY_READY_HOST_D1_GRAPH_SERIAL_AA,6,ENTRY_READY_HOST,D1_GRAPH,SERIAL,B,BAAB,P01_Q005_B,3,57.336301,19.112100333333334,3.822420066666667,261.6143653913077,218447.9951017419,15,15,12525,OK,OK,,True,True,57.304921,0.03137999999999863,e79a7395cbf0b19e04b0a626bcbf5df2a22f908d0983bef6ee431e36031f9dea,036c02cd74958557732672833f47b00d3338b07b4084e68e60612b7f377d8704
P01_Q006,1,0,MIXED_BATCH,K3_RESIDENT_IO_D1_GRAPH_SERIAL_MIXED,3,RESIDENT_IO,D1_GRAPH,SERIAL,A,ABBA,P01_Q006_A,13,58.209769,4.477674538461539,0.8955349076923078,1116.6510555985885,543139.0734431534,65,65,31616,OK,OK,,True,True,,,e79a7395cbf0b19e04b0a626bcbf5df2a22f908d0983bef6ee431e36031f9dea,036c02cd74958557732672833f47b00d3338b07b4084e68e60612b7f377d8704
P01_Q006,1,1,MIXED_BATCH,K3_RESIDENT_IO_D1_GRAPH_SERIAL_MIXED,3,RESIDENT_IO,D1_GRAPH,MIXED,B,ABBA,P01_Q006_B,13,14.916687,1.1474374615384615,0.2294874923076923,4357.535959559921,2119505.4907299457,13,65,31616,OK,OK,,True,True,,,e79a7395cbf0b19e04b0a626bcbf5df2a22f908d0983bef6ee431e36031f9dea,036c02cd74958557732672833f47b00d3338b07b4084e68e60612b7f377d8704
P01_Q006,1,2,MIXED_BATCH,K3_RESIDENT_IO_D1_GRAPH_SERIAL_MIXED,3,RESIDENT_IO,D1_GRAPH,MIXED,B,ABBA,P01_Q006_B,13,16.209093,1.2468533076923076,0.24937066153846152,4010.094827637796,1950510.124163024,13,65,31616,OK,OK,,True,True,,,e79a7395cbf0b19e04b0a626bcbf5df2a22f908d0983bef6ee431e36031f9dea,036c02cd74958557732672833f47b00d3338b07b4084e68e60612b7f377d8704
P01_Q006,1,3,MIXED_BATCH,K3_RESIDENT_IO_D1_GRAPH_SERIAL_MIXED,3,RESIDENT_IO,D1_GRAPH,SERIAL,A,ABBA,P01_Q006_A,13,54.327949,4.179073,0.8358146,1196.4375831673676,581947.2404526076,65,65,31616,OK,OK,,True,True,,,e79a7395cbf0b19e04b0a626bcbf5df2a22f908d0983bef6ee431e36031f9dea,036c02cd74958557732672833f47b00d3338b07b4084e68e60612b7f377d8704
P01_Q007,1,0,AA,K6_ENTRY_READY_HOST_D1_PUBLISHED_SERIAL_AA,6,ENTRY_READY_HOST,D1_PUBLISHED,SERIAL,A,ABBA,P01_Q007_A,3,59.614441,19.871480333333334,3.9742960666666667,251.61688591527678,210100.0997392561,15,15,12525,OK,OK,,True,True,59.580659,0.0337820000000022,e79a7395cbf0b19e04b0a626bcbf5df2a22f908d0983bef6ee431e36031f9dea,036c02cd74958557732672833f47b00d3338b07b4084e68e60612b7f377d8704
P01_Q007,1,1,AA,K6_ENTRY_READY_HOST_D1_PUBLISHED_SERIAL_AA,6,ENTRY_READY_HOST,D1_PUBLISHED,SERIAL,B,ABBA,P01_Q007_B,3,60.97408,20.324693333333332,4.0649386666666665,246.0061718028382,205415.1534553699,15,15,12525,OK,OK,,True,True,60.943331,0.030749000000000137,e79a7395cbf0b19e04b0a626bcbf5df2a22f908d0983bef6ee431e36031f9dea,036c02cd74958557732672833f47b00d3338b07b4084e68e60612b7f377d8704
P01_Q007,1,2,AA,K6_ENTRY_READY_HOST_D1_PUBLISHED_SERIAL_AA,6,ENTRY_READY_HOST,D1_PUBLISHED,SERIAL,B,ABBA,P01_Q007_B,3,61.706725,20.568908333333333,4.113781666666666,243.0853363227428,202976.25582949023,15,15,12525,OK,OK,,True,True,61.675273000000004,0.031451999999994484,e79a7395cbf0b19e04b0a626bcbf5df2a22f908d0983bef6ee431e36031f9dea,036c02cd74958557732672833f47b00d3338b07b4084e68e60612b7f377d8704
P01_Q007,1,3,AA,K6_ENTRY_READY_HOST_D1_PUBLISHED_SERIAL_AA,6,ENTRY_READY_HOST,D1_PUBLISHED,SERIAL,A,ABBA,P01_Q007_A,3,64.883929,21.627976333333333,4.325595266666666,231.18205434199277,193037.01537556396,15,15,12525,OK,OK,,True,True,64.8555,0.02842899999998849,e79a7395cbf0b19e04b0a626bcbf5df2a22f908d0983bef6ee431e36031f9dea,036c02cd74958557732672833f47b00d3338b07b4084e68e60612b7f377d8704
P01_Q008,1,0,AA,K6_ENTRY_READY_HOST_D1_GRAPH_MIXED_AA,6,ENTRY_READY_HOST,D1_GRAPH,MIXED,A,ABBA,P01_Q008_A,3,20.051421,6.683807000000001,1.3367614,748.0766575097095,624644.0090206075,3,15,12525,OK,OK,,True,True,20.023489,0.027931999999999846,e79a7395cbf0b19e04b0a626bcbf5df2a22f908d0983bef6ee431e36031f9dea,036c02cd74958557732672833f47b00d3338b07b4084e68e60612b7f377d8704
P01_Q008,1,1,AA,K6_ENTRY_READY_HOST_D1_GRAPH_MIXED_AA,6,ENTRY_READY_HOST,D1_GRAPH,MIXED,B,ABBA,P01_Q008_B,3,21.176798,7.058932666666667,1.4117865333333335,708.3223818822845,591449.1888717075,3,15,12525,OK,OK,,True,True,21.144206999999998,0.03259100000000359,e79a7395cbf0b19e04b0a626bcbf5df2a22f908d0983bef6ee431e36031f9dea,036c02cd74958557732672833f47b00d3338b07b4084e68e60612b7f377d8704
P01_Q008,1,2,AA,K6_ENTRY_READY_HOST_D1_GRAPH_MIXED_AA,6,ENTRY_READY_HOST,D1_GRAPH,MIXED,B,ABBA,P01_Q008_B,3,20.971206,6.990402,1.3980804,715.2664467651504,597247.4830489005,3,15,12525,OK,OK,,True,True,20.938128000000003,0.033077999999996166,e79a7395cbf0b19e04b0a626bcbf5df2a22f908d0983bef6ee431e36031f9dea,036c02cd74958557732672833f47b00d3338b07b4084e68e60612b7f377d8704
P01_Q008,1,3,AA,K6_ENTRY_READY_HOST_D1_GRAPH_MIXED_AA,6,ENTRY_READY_HOST,D1_GRAPH,MIXED,A,ABBA,P01_Q008_A,3,21.03341,7.011136666666666,1.4022273333333333,713.1511248057258,595481.189212781,3,15,12525,OK,OK,,True,True,21.001571,0.031839000000001505,e79a7395cbf0b19e04b0a626bcbf5df2a22f908d0983bef6ee431e36031f9dea,036c02cd74958557732672833f47b00d3338b07b4084e68e60612b7f377d8704
P01_Q009,1,0,MIXED_BATCH,K3_ENTRY_READY_HOST_D1_PUBLISHED_SERIAL_MIXED,3,ENTRY_READY_HOST,D1_PUBLISHED,SERIAL,A,ABBA,P01_Q009_A,3,52.627133,17.542377666666667,3.5084755333333333,285.0240768388428,138635.71097441314,15,15,7296,OK,OK,,True,True,52.60131200000001,0.025820999999993433,e79a7395cbf0b19e04b0a626bcbf5df2a22f908d0983bef6ee431e36031f9dea,036c02cd74958557732672833f47b00d3338b07b4084e68e60612b7f377d8704
P01_Q009,1,1,MIXED_BATCH,K3_ENTRY_READY_HOST_D1_PUBLISHED_SERIAL_MIXED,3,ENTRY_READY_HOST,D1_PUBLISHED,MIXED,B,ABBA,P01_Q009_B,3,19.844932,6.614977333333333,1.3229954666666666,755.8604887131888,367650.5417100951,3,15,7296,OK,OK,,True,True,19.814367,0.030564999999999287,e79a7395cbf0b19e04b0a626bcbf5df2a22f908d0983bef6ee431e36031f9dea,036c02cd74958557732672833f47b00d3338b07b4084e68e60612b7f377d8704
P01_Q009,1,2,MIXED_BATCH,K3_ENTRY_READY_HOST_D1_PUBLISHED_SERIAL_MIXED,3,ENTRY_READY_HOST,D1_PUBLISHED,MIXED,B,ABBA,P01_Q009_B,3,20.362875,6.787624999999999,1.3575249999999999,736.6346844441172,358299.11051361857,3,15,7296,OK,OK,,True,True,20.329176999999998,0.033698000000001116,e79a7395cbf0b19e04b0a626bcbf5df2a22f908d0983bef6ee431e36031f9dea,036c02cd74958557732672833f47b00d3338b07b4084e68e60612b7f377d8704
P01_Q009,1,3,MIXED_BATCH,K3_ENTRY_READY_HOST_D1_PUBLISHED_SERIAL_MIXED,3,ENTRY_READY_HOST,D1_PUBLISHED,SERIAL,A,ABBA,P01_Q009_A,3,52.672773,17.557591,3.5115182,284.7771086591549,138515.58565181296,15,15,7296,OK,OK,,True,True,52.643851999999995,0.02892100000000397,e79a7395cbf0b19e04b0a626bcbf5df2a22f908d0983bef6ee431e36031f9dea,036c02cd74958557732672833f47b00d3338b07b4084e68e60612b7f377d8704
P01_Q010,1,0,MIXED_BATCH,K6_RESIDENT_IO_D1_GRAPH_SERIAL_MIXED,6,RESIDENT_IO,D1_GRAPH,SERIAL,A,ABBA,P01_Q010_A,10,63.032217,6.3032217,1.26064434,793.2451431939955,662359.6945669863,50,50,41750,OK,OK,,True,True,,,e79a7395cbf0b19e04b0a626bcbf5df2a22f908d0983bef6ee431e36031f9dea,036c02cd74958557732672833f47b00d3338b07b4084e68e60612b7f377d8704
P01_Q010,1,1,MIXED_BATCH,K6_RESIDENT_IO_D1_GRAPH_SERIAL_MIXED,6,RESIDENT_IO,D1_GRAPH,MIXED,B,ABBA,P01_Q010_B,10,17.572968,1.7572968,0.35145936,2845.27918106947,2375808.116193007,10,50,41750,OK,OK,,True,True,,,e79a7395cbf0b19e04b0a626bcbf5df2a22f908d0983bef6ee431e36031f9dea,036c02cd74958557732672833f47b00d3338b07b4084e68e60612b7f377d8704
P01_Q010,1,2,MIXED_BATCH,K6_RESIDENT_IO_D1_GRAPH_SERIAL_MIXED,6,RESIDENT_IO,D1_GRAPH,MIXED,B,ABBA,P01_Q010_B,10,17.859519,1.7859519,0.35719038,2799.627470370283,2337688.937759186,10,50,41750,OK,OK,,True,True,,,e79a7395cbf0b19e04b0a626bcbf5df2a22f908d0983bef6ee431e36031f9dea,036c02cd74958557732672833f47b00d3338b07b4084e68e60612b7f377d8704
P01_Q010,1,3,MIXED_BATCH,K6_RESIDENT_IO_D1_GRAPH_SERIAL_MIXED,6,RESIDENT_IO,D1_GRAPH,SERIAL,A,ABBA,P01_Q010_A,10,60.164578,6.0164577999999995,1.2032915599999998,831.053780515173,693929.9067301694,50,50,41750,OK,OK,,True,True,,,e79a7395cbf0b19e04b0a626bcbf5df2a22f908d0983bef6ee431e36031f9dea,036c02cd74958557732672833f47b00d3338b07b4084e68e60612b7f377d8704
P01_Q011,1,0,AA,K6_RESIDENT_IO_D1_PUBLISHED_SERIAL_AA,6,RESIDENT_IO,D1_PUBLISHED,SERIAL,B,BAAB,P01_Q011_B,10,71.279107,7.127910699999999,1.42558214,701.4678228221911,585725.6320565296,50,50,41750,OK,OK,,True,True,,,e79a7395cbf0b19e04b0a626bcbf5df2a22f908d0983bef6ee431e36031f9dea,036c02cd74958557732672833f47b00d3338b07b4084e68e60612b7f377d8704
P01_Q011,1,1,AA,K6_RESIDENT_IO_D1_PUBLISHED_SERIAL_AA,6,RESIDENT_IO,D1_PUBLISHED,SERIAL,A,BAAB,P01_Q011_A,10,71.7205,7.1720500000000005,1.4344100000000002,697.1507449055708,582120.8719961516,50,50,41750,OK,OK,,True,True,,,e79a7395cbf0b19e04b0a626bcbf5df2a22f908d0983bef6ee431e36031f9dea,036c02cd74958557732672833f47b00d3338b07b4084e68e60612b7f377d8704
P01_Q011,1,2,AA,K6_RESIDENT_IO_D1_PUBLISHED_SERIAL_AA,6,RESIDENT_IO,D1_PUBLISHED,SERIAL,A,BAAB,P01_Q011_A,10,69.85464,6.985464,1.3970928,715.7720661075628,597669.675199815,50,50,41750,OK,OK,,True,True,,,e79a7395cbf0b19e04b0a626bcbf5df2a22f908d0983bef6ee431e36031f9dea,036c02cd74958557732672833f47b00d3338b07b4084e68e60612b7f377d8704
P01_Q011,1,3,AA,K6_RESIDENT_IO_D1_PUBLISHED_SERIAL_AA,6,RESIDENT_IO,D1_PUBLISHED,SERIAL,B,BAAB,P01_Q011_B,10,72.610714,7.2610714000000005,1.4522142800000002,688.6036129599275,574984.0168215395,50,50,41750,OK,OK,,True,True,,,e79a7395cbf0b19e04b0a626bcbf5df2a22f908d0983bef6ee431e36031f9dea,036c02cd74958557732672833f47b00d3338b07b4084e68e60612b7f377d8704
P01_Q012,1,0,MIXED_BATCH,K3_ENTRY_READY_HOST_D1_GRAPH_SERIAL_MIXED,3,ENTRY_READY_HOST,D1_GRAPH,MIXED,B,BAAB,P01_Q012_B,3,19.754806,6.584935333333333,1.3169870666666665,759.3088993129064,369327.8486257977,3,15,7296,OK,OK,,True,True,19.727503,0.027302999999999855,e79a7395cbf0b19e04b0a626bcbf5df2a22f908d0983bef6ee431e36031f9dea,036c02cd74958557732672833f47b00d3338b07b4084e68e60612b7f377d8704
P01_Q012,1,1,MIXED_BATCH,K3_ENTRY_READY_HOST_D1_GRAPH_SERIAL_MIXED,3,ENTRY_READY_HOST,D1_GRAPH,SERIAL,A,BAAB,P01_Q012_A,3,56.561533,18.85384433333333,3.7707688666666663,265.1979040242774,128992.26051740855,15,15,7296,OK,OK,,True,True,56.531186000000005,0.030346999999991908,e79a7395cbf0b19e04b0a626bcbf5df2a22f908d0983bef6ee431e36031f9dea,036c02cd74958557732672833f47b00d3338b07b4084e68e60612b7f377d8704
P01_Q012,1,2,MIXED_BATCH,K3_ENTRY_READY_HOST_D1_GRAPH_SERIAL_MIXED,3,ENTRY_READY_HOST,D1_GRAPH,SERIAL,A,BAAB,P01_Q012_A,3,51.845186,17.281728666666666,3.4563457333333334,289.32290839886275,140726.66264520684,15,15,7296,OK,OK,,True,True,51.81132099999999,0.03386500000000581,e79a7395cbf0b19e04b0a626bcbf5df2a22f908d0983bef6ee431e36031f9dea,036c02cd74958557732672833f47b00d3338b07b4084e68e60612b7f377d8704
P01_Q012,1,3,MIXED_BATCH,K3_ENTRY_READY_HOST_D1_GRAPH_SERIAL_MIXED,3,ENTRY_READY_HOST,D1_GRAPH,MIXED,B,BAAB,P01_Q012_B,3,19.734696,6.578232,1.3156463999999999,760.0826483468506,369704.2001559082,3,15,7296,OK,OK,,True,True,19.703887,0.030808999999997866,e79a7395cbf0b19e04b0a626bcbf5df2a22f908d0983bef6ee431e36031f9dea,036c02cd74958557732672833f47b00d3338b07b4084e68e60612b7f377d8704
P01_Q013,1,0,AA,K3_RESIDENT_IO_D1_GRAPH_SERIAL_AA,3,RESIDENT_IO,D1_GRAPH,SERIAL,B,BAAB,P01_Q013_B,13,51.790647,3.983895923076923,0.7967791846153846,1255.0528669780858,610457.714498141,65,65,31616,OK,OK,,True,True,,,e79a7395cbf0b19e04b0a626bcbf5df2a22f908d0983bef6ee431e36031f9dea,036c02cd74958557732672833f47b00d3338b07b4084e68e60612b7f377d8704
P01_Q013,1,1,AA,K3_RESIDENT_IO_D1_GRAPH_SERIAL_AA,3,RESIDENT_IO,D1_GRAPH,SERIAL,A,BAAB,P01_Q013_A,13,63.776741,4.905903153846154,0.9811806307692308,1019.1803309610945,495729.3129794763,65,65,31616,OK,OK,,True,True,,,e79a7395cbf0b19e04b0a626bcbf5df2a22f908d0983bef6ee431e36031f9dea,036c02cd74958557732672833f47b00d3338b07b4084e68e60612b7f377d8704
P01_Q013,1,2,AA,K3_RESIDENT_IO_D1_GRAPH_SERIAL_AA,3,RESIDENT_IO,D1_GRAPH,SERIAL,A,BAAB,P01_Q013_A,13,61.278611,4.7137393076923075,0.9427478615384615,1060.7290037954679,515938.5874461156,65,65,31616,OK,OK,,True,True,,,e79a7395cbf0b19e04b0a626bcbf5df2a22f908d0983bef6ee431e36031f9dea,036c02cd74958557732672833f47b00d3338b07b4084e68e60612b7f377d8704
P01_Q013,1,3,AA,K3_RESIDENT_IO_D1_GRAPH_SERIAL_AA,3,RESIDENT_IO,D1_GRAPH,SERIAL,B,BAAB,P01_Q013_B,13,60.488927,4.6529943846153845,0.9305988769230769,1074.5768394932845,522674.17472953355,65,65,31616,OK,OK,,True,True,,,e79a7395cbf0b19e04b0a626bcbf5df2a22f908d0983bef6ee431e36031f9dea,036c02cd74958557732672833f47b00d3338b07b4084e68e60612b7f377d8704
P01_Q014,1,0,MIXED_BATCH,K6_ENTRY_READY_HOST_D1_GRAPH_SERIAL_MIXED,6,ENTRY_READY_HOST,D1_GRAPH,SERIAL,A,ABBA,P01_Q014_A,3,60.835414,20.278471333333332,4.055694266666666,246.56690920193296,205883.369183614,15,15,12525,OK,OK,,True,True,60.719652,0.11576199999999659,e79a7395cbf0b19e04b0a626bcbf5df2a22f908d0983bef6ee431e36031f9dea,036c02cd74958557732672833f47b00d3338b07b4084e68e60612b7f377d8704
P01_Q014,1,1,MIXED_BATCH,K6_ENTRY_READY_HOST_D1_GRAPH_SERIAL_MIXED,6,ENTRY_READY_HOST,D1_GRAPH,MIXED,B,ABBA,P01_Q014_B,3,21.591534,7.197178,1.4394356,694.7167348091155,580088.4735656114,3,15,12525,OK,OK,,True,True,21.560459,0.031074999999997743,e79a7395cbf0b19e04b0a626bcbf5df2a22f908d0983bef6ee431e36031f9dea,036c02cd74958557732672833f47b00d3338b07b4084e68e60612b7f377d8704
P01_Q014,1,2,MIXED_BATCH,K6_ENTRY_READY_HOST_D1_GRAPH_SERIAL_MIXED,6,ENTRY_READY_HOST,D1_GRAPH,MIXED,B,ABBA,P01_Q014_B,3,21.294483,7.098161,1.4196322000000001,704.4078036550594,588180.5160519746,3,15,12525,OK,OK,,True,True,21.264767,0.02971600000000052,e79a7395cbf0b19e04b0a626bcbf5df2a22f908d0983bef6ee431e36031f9dea,036c02cd74958557732672833f47b00d3338b07b4084e68e60612b7f377d8704
P01_Q014,1,3,MIXED_BATCH,K6_ENTRY_READY_HOST_D1_GRAPH_SERIAL_MIXED,6,ENTRY_READY_HOST,D1_GRAPH,SERIAL,A,ABBA,P01_Q014_A,3,58.141302,19.380434,3.8760868000000004,257.9921584831382,215423.4523334204,15,15,12525,OK,OK,,True,True,58.10831999999999,0.03298200000001117,e79a7395cbf0b19e04b0a626bcbf5df2a22f908d0983bef6ee431e36031f9dea,036c02cd74958557732672833f47b00d3338b07b4084e68e60612b7f377d8704
P01_Q015,1,0,MIXED_BATCH,K3_RESIDENT_IO_D1_PUBLISHED_SERIAL_MIXED,3,RESIDENT_IO,D1_PUBLISHED,SERIAL,A,ABBA,P01_Q015_A,13,67.526719,5.194363,1.0388726,962.5819373809647,468199.85434210126,65,65,31616,OK,OK,,True,True,,,e79a7395cbf0b19e04b0a626bcbf5df2a22f908d0983bef6ee431e36031f9dea,036c02cd74958557732672833f47b00d3338b07b4084e68e60612b7f377d8704
P01_Q015,1,1,MIXED_BATCH,K3_RESIDENT_IO_D1_PUBLISHED_SERIAL_MIXED,3,RESIDENT_IO,D1_PUBLISHED,MIXED,B,ABBA,P01_Q015_B,13,18.168418,1.3975706153846152,0.279514123076923,3577.636754064113,1740162.5171767846,13,65,31616,OK,OK,,True,True,,,e79a7395cbf0b19e04b0a626bcbf5df2a22f908d0983bef6ee431e36031f9dea,036c02cd74958557732672833f47b00d3338b07b4084e68e60612b7f377d8704
P01_Q015,1,2,MIXED_BATCH,K3_RESIDENT_IO_D1_PUBLISHED_SERIAL_MIXED,3,RESIDENT_IO,D1_PUBLISHED,MIXED,B,ABBA,P01_Q015_B,13,18.019726,1.3861327692307692,0.27722655384615386,3607.1580666653867,1754521.683626044,13,65,31616,OK,OK,,True,True,,,e79a7395cbf0b19e04b0a626bcbf5df2a22f908d0983bef6ee431e36031f9dea,036c02cd74958557732672833f47b00d3338b07b4084e68e60612b7f377d8704
P01_Q015,1,3,MIXED_BATCH,K3_RESIDENT_IO_D1_PUBLISHED_SERIAL_MIXED,3,RESIDENT_IO,D1_PUBLISHED,SERIAL,A,ABBA,P01_Q015_A,13,66.140435,5.087725769230769,1.0175451538461537,982.7573707369781,478013.1851264662,65,65,31616,OK,OK,,True,True,,,e79a7395cbf0b19e04b0a626bcbf5df2a22f908d0983bef6ee431e36031f9dea,036c02cd74958557732672833f47b00d3338b07b4084e68e60612b7f377d8704
P01_Q016,1,0,MIXED_BATCH,K6_RESIDENT_IO_D1_PUBLISHED_SERIAL_MIXED,6,RESIDENT_IO,D1_PUBLISHED,MIXED,B,BAAB,P01_Q016_B,10,19.58987,1.958987,0.3917974,2552.3395510026353,2131203.5250872006,10,50,41750,OK,OK,,True,True,,,e79a7395cbf0b19e04b0a626bcbf5df2a22f908d0983bef6ee431e36031f9dea,036c02cd74958557732672833f47b00d3338b07b4084e68e60612b7f377d8704
P01_Q016,1,1,MIXED_BATCH,K6_RESIDENT_IO_D1_PUBLISHED_SERIAL_MIXED,6,RESIDENT_IO,D1_PUBLISHED,SERIAL,A,BAAB,P01_Q016_A,10,59.282407,5.9282407,1.18564814,843.420544648263,704256.1547812996,50,50,41750,OK,OK,,True,True,,,e79a7395cbf0b19e04b0a626bcbf5df2a22f908d0983bef6ee431e36031f9dea,036c02cd74958557732672833f47b00d3338b07b4084e68e60612b7f377d8704
P01_Q016,1,2,MIXED_BATCH,K6_RESIDENT_IO_D1_PUBLISHED_SERIAL_MIXED,6,RESIDENT_IO,D1_PUBLISHED,SERIAL,A,BAAB,P01_Q016_A,10,71.674443,7.1674443,1.43348886,697.5987242760993,582494.934770543,50,50,41750,OK,OK,,True,True,,,e79a7395cbf0b19e04b0a626bcbf5df2a22f908d0983bef6ee431e36031f9dea,036c02cd74958557732672833f47b00d3338b07b4084e68e60612b7f377d8704
P01_Q016,1,3,MIXED_BATCH,K6_RESIDENT_IO_D1_PUBLISHED_SERIAL_MIXED,6,RESIDENT_IO,D1_PUBLISHED,MIXED,B,BAAB,P01_Q016_B,10,19.091628,1.9091628,0.38183256,2618.948996911107,2186822.4124207743,10,50,41750,OK,OK,,True,True,,,e79a7395cbf0b19e04b0a626bcbf5df2a22f908d0983bef6ee431e36031f9dea,036c02cd74958557732672833f47b00d3338b07b4084e68e60612b7f377d8704
P01_Q017,1,0,AA,K3_RESIDENT_IO_D1_PUBLISHED_SERIAL_AA,3,RESIDENT_IO,D1_PUBLISHED,SERIAL,A,ABBA,P01_Q017_A,13,66.220421,5.093878538461539,1.0187757076923076,981.570322544461,477435.80488562584,65,65,31616,OK,OK,,True,True,,,e79a7395cbf0b19e04b0a626bcbf5df2a22f908d0983bef6ee431e36031f9dea,036c02cd74958557732672833f47b00d3338b07b4084e68e60612b7f377d8704
P01_Q017,1,1,AA,K3_RESIDENT_IO_D1_PUBLISHED_SERIAL_AA,3,RESIDENT_IO,D1_PUBLISHED,SERIAL,B,ABBA,P01_Q017_B,13,57.937534,4.456733384615385,0.8913466769230769,1121.8979392529893,545691.157652654,65,65,31616,OK,OK,,True,True,,,e79a7395cbf0b19e04b0a626bcbf5df2a22f908d0983bef6ee431e36031f9dea,036c02cd74958557732672833f47b00d3338b07b4084e68e60612b7f377d8704
P01_Q017,1,2,AA,K3_RESIDENT_IO_D1_PUBLISHED_SERIAL_AA,3,RESIDENT_IO,D1_PUBLISHED,SERIAL,B,ABBA,P01_Q017_B,13,71.376662,5.4905124615384615,1.0981024923076923,910.6618070763802,442945.90296195133,65,65,31616,OK,OK,,True,True,,,e79a7395cbf0b19e04b0a626bcbf5df2a22f908d0983bef6ee431e36031f9dea,036c02cd74958557732672833f47b00d3338b07b4084e68e60612b7f377d8704
P01_Q017,1,3,AA,K3_RESIDENT_IO_D1_PUBLISHED_SERIAL_AA,3,RESIDENT_IO,D1_PUBLISHED,SERIAL,A,ABBA,P01_Q017_A,13,66.312503,5.10096176923077,1.020192353846154,980.2073072102254,476772.8342270536,65,65,31616,OK,OK,,True,True,,,e79a7395cbf0b19e04b0a626bcbf5df2a22f908d0983bef6ee431e36031f9dea,036c02cd74958557732672833f47b00d3338b07b4084e68e60612b7f377d8704
P01_Q018,1,0,AA,K3_RESIDENT_IO_D1_PUBLISHED_MIXED_AA,3,RESIDENT_IO,D1_PUBLISHED,MIXED,B,BAAB,P01_Q018_B,13,16.666759,1.2820583846153846,0.2564116769230769,3899.9783941196965,1896949.4908998206,13,65,31616,OK,OK,,True,True,,,e79a7395cbf0b19e04b0a626bcbf5df2a22f908d0983bef6ee431e36031f9dea,036c02cd74958557732672833f47b00d3338b07b4084e68e60612b7f377d8704
P01_Q018,1,1,AA,K3_RESIDENT_IO_D1_PUBLISHED_MIXED_AA,3,RESIDENT_IO,D1_PUBLISHED,MIXED,A,BAAB,P01_Q018_A,13,17.272103,1.3286233076923077,0.2657246615384615,3763.2939081014047,1830466.1569005232,13,65,31616,OK,OK,,True,True,,,e79a7395cbf0b19e04b0a626bcbf5df2a22f908d0983bef6ee431e36031f9dea,036c02cd74958557732672833f47b00d3338b07b4084e68e60612b7f377d8704
P01_Q018,1,2,AA,K3_RESIDENT_IO_D1_PUBLISHED_MIXED_AA,3,RESIDENT_IO,D1_PUBLISHED,MIXED,A,BAAB,P01_Q018_A,13,17.675451,1.3596500769230768,0.27193001538461536,3677.4167742593954,1788695.5189997698,13,65,31616,OK,OK,,True,True,,,e79a7395cbf0b19e04b0a626bcbf5df2a22f908d0983bef6ee431e36031f9dea,036c02cd74958557732672833f47b00d3338b07b4084e68e60612b7f377d8704
P01_Q018,1,3,AA,K3_RESIDENT_IO_D1_PUBLISHED_MIXED_AA,3,RESIDENT_IO,D1_PUBLISHED,MIXED,B,BAAB,P01_Q018_B,13,17.337702,1.3336693846153846,0.26673387692307693,3749.0550939219047,1823540.3976836146,13,65,31616,OK,OK,,True,True,,,e79a7395cbf0b19e04b0a626bcbf5df2a22f908d0983bef6ee431e36031f9dea,036c02cd74958557732672833f47b00d3338b07b4084e68e60612b7f377d8704
P01_Q019,1,0,MIXED_BATCH,K6_ENTRY_READY_HOST_D1_PUBLISHED_SERIAL_MIXED,6,ENTRY_READY_HOST,D1_PUBLISHED,SERIAL,A,ABBA,P01_Q019_A,3,57.385031,19.128343666666666,3.825668733333333,261.3922087103168,218262.49427311454,15,15,12525,OK,OK,,True,True,57.35973,0.025300999999998908,e79a7395cbf0b19e04b0a626bcbf5df2a22f908d0983bef6ee431e36031f9dea,036c02cd74958557732672833f47b00d3338b07b4084e68e60612b7f377d8704
P01_Q019,1,1,MIXED_BATCH,K6_ENTRY_READY_HOST_D1_PUBLISHED_SERIAL_MIXED,6,ENTRY_READY_HOST,D1_PUBLISHED,MIXED,B,ABBA,P01_Q019_B,3,21.045098,7.0150326666666665,1.4030065333333333,712.7550558329546,595150.4716205171,3,15,12525,OK,OK,,True,True,21.013457000000002,0.03164099999999692,e79a7395cbf0b19e04b0a626bcbf5df2a22f908d0983bef6ee431e36031f9dea,036c02cd74958557732672833f47b00d3338b07b4084e68e60612b7f377d8704
P01_Q019,1,2,MIXED_BATCH,K6_ENTRY_READY_HOST_D1_PUBLISHED_SERIAL_MIXED,6,ENTRY_READY_HOST,D1_PUBLISHED,MIXED,B,ABBA,P01_Q019_B,3,21.623199,7.207733,1.4415466000000001,693.6993920279788,579238.9923433623,3,15,12525,OK,OK,,True,True,21.590692999999998,0.03250600000000148,e79a7395cbf0b19e04b0a626bcbf5df2a22f908d0983bef6ee431e36031f9dea,036c02cd74958557732672833f47b00d3338b07b4084e68e60612b7f377d8704
P01_Q019,1,3,MIXED_BATCH,K6_ENTRY_READY_HOST_D1_PUBLISHED_SERIAL_MIXED,6,ENTRY_READY_HOST,D1_PUBLISHED,SERIAL,A,ABBA,P01_Q019_A,3,59.021445,19.673815,3.9347630000000002,254.14491292105774,212211.0022890832,15,15,12525,OK,OK,,True,True,58.991699,0.029746000000002937,e79a7395cbf0b19e04b0a626bcbf5df2a22f908d0983bef6ee431e36031f9dea,036c02cd74958557732672833f47b00d3338b07b4084e68e60612b7f377d8704
P01_Q020,1,0,MIXED_BATCH,K6_RESIDENT_IO_D1_PUBLISHED_SERIAL_MIXED,6,RESIDENT_IO,D1_PUBLISHED,SERIAL,A,ABBA,P01_Q020_A,10,58.675027,5.8675027,1.17350054,852.1512908720093,711546.3278781278,50,50,41750,OK,OK,,True,True,,,e79a7395cbf0b19e04b0a626bcbf5df2a22f908d0983bef6ee431e36031f9dea,036c02cd74958557732672833f47b00d3338b07b4084e68e60612b7f377d8704
P01_Q020,1,1,MIXED_BATCH,K6_RESIDENT_IO_D1_PUBLISHED_SERIAL_MIXED,6,RESIDENT_IO,D1_PUBLISHED,MIXED,B,ABBA,P01_Q020_B,10,19.435262,1.9435262000000002,0.38870524000000006,2572.643476583953,2148157.302947601,10,50,41750,OK,OK,,True,True,,,e79a7395cbf0b19e04b0a626bcbf5df2a22f908d0983bef6ee431e36031f9dea,036c02cd74958557732672833f47b00d3338b07b4084e68e60612b7f377d8704
P01_Q020,1,2,MIXED_BATCH,K6_RESIDENT_IO_D1_PUBLISHED_SERIAL_MIXED,6,RESIDENT_IO,D1_PUBLISHED,MIXED,B,ABBA,P01_Q020_B,10,16.825763,1.6825762999999998,0.33651526,2971.6334409322185,2481313.9231784022,10,50,41750,OK,OK,,True,True,,,e79a7395cbf0b19e04b0a626bcbf5df2a22f908d0983bef6ee431e36031f9dea,036c02cd74958557732672833f47b00d3338b07b4084e68e60612b7f377d8704
P01_Q020,1,3,MIXED_BATCH,K6_RESIDENT_IO_D1_PUBLISHED_SERIAL_MIXED,6,RESIDENT_IO,D1_PUBLISHED,SERIAL,A,ABBA,P01_Q020_A,10,60.753027,6.0753027,1.21506054,823.0042595243855,687208.5567028619,50,50,41750,OK,OK,,True,True,,,e79a7395cbf0b19e04b0a626bcbf5df2a22f908d0983bef6ee431e36031f9dea,036c02cd74958557732672833f47b00d3338b07b4084e68e60612b7f377d8704
P01_Q021,1,0,AA,K3_RESIDENT_IO_D1_GRAPH_MIXED_AA,3,RESIDENT_IO,D1_GRAPH,MIXED,A,ABBA,P01_Q021_A,13,15.252233,1.1732486923076924,0.23464973846153847,4261.671061542267,2072876.8043341588,13,65,31616,OK,OK,,True,True,,,e79a7395cbf0b19e04b0a626bcbf5df2a22f908d0983bef6ee431e36031f9dea,036c02cd74958557732672833f47b00d3338b07b4084e68e60612b7f377d8704
P01_Q021,1,1,AA,K3_RESIDENT_IO_D1_GRAPH_MIXED_AA,3,RESIDENT_IO,D1_GRAPH,MIXED,B,ABBA,P01_Q021_B,13,16.02861,1.2329700000000001,0.24659400000000004,4055.248708403286,1972472.9717673582,13,65,31616,OK,OK,,True,True,,,e79a7395cbf0b19e04b0a626bcbf5df2a22f908d0983bef6ee431e36031f9dea,036c02cd74958557732672833f47b00d3338b07b4084e68e60612b7f377d8704
P01_Q021,1,2,AA,K3_RESIDENT_IO_D1_GRAPH_MIXED_AA,3,RESIDENT_IO,D1_GRAPH,MIXED,B,ABBA,P01_Q021_B,13,16.076093,1.2366225384615386,0.2473245076923077,4043.2709614207874,1966646.995635071,13,65,31616,OK,OK,,True,True,,,e79a7395cbf0b19e04b0a626bcbf5df2a22f908d0983bef6ee431e36031f9dea,036c02cd74958557732672833f47b00d3338b07b4084e68e60612b7f377d8704
P01_Q021,1,3,AA,K3_RESIDENT_IO_D1_GRAPH_MIXED_AA,3,RESIDENT_IO,D1_GRAPH,MIXED,A,ABBA,P01_Q021_A,13,17.617855,1.3552196153846152,0.27104392307692304,3689.4389243185396,1794543.0927885377,13,65,31616,OK,OK,,True,True,,,e79a7395cbf0b19e04b0a626bcbf5df2a22f908d0983bef6ee431e36031f9dea,036c02cd74958557732672833f47b00d3338b07b4084e68e60612b7f377d8704
P01_Q022,1,0,MIXED_BATCH,K3_RESIDENT_IO_D1_GRAPH_SERIAL_MIXED,3,RESIDENT_IO,D1_GRAPH,MIXED,B,BAAB,P01_Q022_B,13,16.477633,1.2675102307692308,0.25350204615384614,3944.741335117732,1918722.1854012648,13,65,31616,OK,OK,,True,True,,,e79a7395cbf0b19e04b0a626bcbf5df2a22f908d0983bef6ee431e36031f9dea,036c02cd74958557732672833f47b00d3338b07b4084e68e60612b7f377d8704
P01_Q022,1,1,MIXED_BATCH,K3_RESIDENT_IO_D1_GRAPH_SERIAL_MIXED,3,RESIDENT_IO,D1_GRAPH,SERIAL,A,BAAB,P01_Q022_A,13,61.52275,4.732519230769231,0.9465038461538462,1056.5197426968073,513891.202847727,65,65,31616,OK,OK,,True,True,,,e79a7395cbf0b19e04b0a626bcbf5df2a22f908d0983bef6ee431e36031f9dea,036c02cd74958557732672833f47b00d3338b07b4084e68e60612b7f377d8704
P01_Q022,1,2,MIXED_BATCH,K3_RESIDENT_IO_D1_GRAPH_SERIAL_MIXED,3,RESIDENT_IO,D1_GRAPH,SERIAL,A,BAAB,P01_Q022_A,13,60.881011,4.683154692307692,0.9366309384615384,1067.6563830387115,519308.0647100292,65,65,31616,OK,OK,,True,True,,,e79a7395cbf0b19e04b0a626bcbf5df2a22f908d0983bef6ee431e36031f9dea,036c02cd74958557732672833f47b00d3338b07b4084e68e60612b7f377d8704
P01_Q022,1,3,MIXED_BATCH,K3_RESIDENT_IO_D1_GRAPH_SERIAL_MIXED,3,RESIDENT_IO,D1_GRAPH,MIXED,B,BAAB,P01_Q022_B,13,16.072646,1.2363573846153846,0.2472714769230769,4044.1380964901487,1967068.7701328082,13,65,31616,OK,OK,,True,True,,,e79a7395cbf0b19e04b0a626bcbf5df2a22f908d0983bef6ee431e36031f9dea,036c02cd74958557732672833f47b00d3338b07b4084e68e60612b7f377d8704
P01_Q023,1,0,AA,K3_ENTRY_READY_HOST_D1_GRAPH_MIXED_AA,3,ENTRY_READY_HOST,D1_GRAPH,MIXED,B,BAAB,P01_Q023_B,3,19.692497,6.564165666666667,1.3128331333333334,761.7114274538166,370496.43831353635,3,15,7296,OK,OK,,True,True,19.668248,0.024249000000001075,e79a7395cbf0b19e04b0a626bcbf5df2a22f908d0983bef6ee431e36031f9dea,036c02cd74958557732672833f47b00d3338b07b4084e68e60612b7f377d8704
P01_Q023,1,1,AA,K3_ENTRY_READY_HOST_D1_GRAPH_MIXED_AA,3,ENTRY_READY_HOST,D1_GRAPH,MIXED,A,BAAB,P01_Q023_A,3,20.325658,6.775219333333333,1.3550438666666667,737.9834886526182,358955.16888063354,3,15,7296,OK,OK,,True,True,20.293188,0.03247,e79a7395cbf0b19e04b0a626bcbf5df2a22f908d0983bef6ee431e36031f9dea,036c02cd74958557732672833f47b00d3338b07b4084e68e60612b7f377d8704
P01_Q023,1,2,AA,K3_ENTRY_READY_HOST_D1_GRAPH_MIXED_AA,3,ENTRY_READY_HOST,D1_GRAPH,MIXED,A,BAAB,P01_Q023_A,3,19.234419,6.411473,1.2822946,779.8519934498671,379320.0096140154,3,15,7296,OK,OK,,True,True,19.202835,0.031583999999998724,e79a7395cbf0b19e04b0a626bcbf5df2a22f908d0983bef6ee431e36031f9dea,036c02cd74958557732672833f47b00d3338b07b4084e68e60612b7f377d8704
P01_Q023,1,3,AA,K3_ENTRY_READY_HOST_D1_GRAPH_MIXED_AA,3,ENTRY_READY_HOST,D1_GRAPH,MIXED,B,BAAB,P01_Q023_B,3,19.670519,6.556839666666666,1.3113679333333332,762.56249263174,370910.3964160783,3,15,7296,OK,OK,,True,True,19.639182,0.03133699999999706,e79a7395cbf0b19e04b0a626bcbf5df2a22f908d0983bef6ee431e36031f9dea,036c02cd74958557732672833f47b00d3338b07b4084e68e60612b7f377d8704
P01_Q024,1,0,MIXED_BATCH,K6_RESIDENT_IO_D1_GRAPH_SERIAL_MIXED,6,RESIDENT_IO,D1_GRAPH,MIXED,B,BAAB,P01_Q024_B,10,17.201944,1.7201944,0.34403888,2906.6482253401127,2427051.268158994,10,50,41750,OK,OK,,True,True,,,e79a7395cbf0b19e04b0a626bcbf5df2a22f908d0983bef6ee431e36031f9dea,036c02cd74958557732672833f47b00d3338b07b4084e68e60612b7f377d8704
P01_Q024,1,1,MIXED_BATCH,K6_RESIDENT_IO_D1_GRAPH_SERIAL_MIXED,6,RESIDENT_IO,D1_GRAPH,SERIAL,A,BAAB,P01_Q024_A,10,58.904711,5.8904711,1.17809422,848.8285427629039,708771.8332070248,50,50,41750,OK,OK,,True,True,,,e79a7395cbf0b19e04b0a626bcbf5df2a22f908d0983bef6ee431e36031f9dea,036c02cd74958557732672833f47b00d3338b07b4084e68e60612b7f377d8704
P01_Q024,1,2,MIXED_BATCH,K6_RESIDENT_IO_D1_GRAPH_SERIAL_MIXED,6,RESIDENT_IO,D1_GRAPH,SERIAL,A,BAAB,P01_Q024_A,10,64.604991,6.4604991,1.29209982,773.9340138597032,646234.9015728522,50,50,41750,OK,OK,,True,True,,,e79a7395cbf0b19e04b0a626bcbf5df2a22f908d0983bef6ee431e36031f9dea,036c02cd74958557732672833f47b00d3338b07b4084e68e60612b7f377d8704
P01_Q024,1,3,MIXED_BATCH,K6_RESIDENT_IO_D1_GRAPH_SERIAL_MIXED,6,RESIDENT_IO,D1_GRAPH,MIXED,B,BAAB,P01_Q024_B,10,17.232249,1.7232249,0.34464498,2901.5365318827508,2422783.004122097,10,50,41750,OK,OK,,True,True,,,e79a7395cbf0b19e04b0a626bcbf5df2a22f908d0983bef6ee431e36031f9dea,036c02cd74958557732672833f47b00d3338b07b4084e68e60612b7f377d8704
P01_Q025,1,0,MIXED_BATCH,K3_ENTRY_READY_HOST_D1_PUBLISHED_SERIAL_MIXED,3,ENTRY_READY_HOST,D1_PUBLISHED,MIXED,B,BAAB,P01_Q025_B,3,20.269817,6.756605666666666,1.3513211333333333,740.0165477566966,359944.04882885725,3,15,7296,OK,OK,,True,True,20.244049999999998,0.025767000000001872,e79a7395cbf0b19e04b0a626bcbf5df2a22f908d0983bef6ee431e36031f9dea,036c02cd74958557732672833f47b00d3338b07b4084e68e60612b7f377d8704
P01_Q025,1,1,MIXED_BATCH,K3_ENTRY_READY_HOST_D1_PUBLISHED_SERIAL_MIXED,3,ENTRY_READY_HOST,D1_PUBLISHED,SERIAL,A,BAAB,P01_Q025_A,3,54.455166,18.151722,3.6303444,275.4559594951928,133981.77869846177,15,15,7296,OK,OK,,True,True,54.422829,0.032336999999998284,e79a7395cbf0b19e04b0a626bcbf5df2a22f908d0983bef6ee431e36031f9dea,036c02cd74958557732672833f47b00d3338b07b4084e68e60612b7f377d8704
P01_Q025,1,2,MIXED_BATCH,K3_ENTRY_READY_HOST_D1_PUBLISHED_SERIAL_MIXED,3,ENTRY_READY_HOST,D1_PUBLISHED,SERIAL,A,BAAB,P01_Q025_A,3,51.520395,17.173465,3.434693,291.1468361218892,141613.8210896869,15,15,7296,OK,OK,,True,True,51.491085000000005,0.029309999999995284,e79a7395cbf0b19e04b0a626bcbf5df2a22f908d0983bef6ee431e36031f9dea,036c02cd74958557732672833f47b00d3338b07b4084e68e60612b7f377d8704
P01_Q025,1,3,MIXED_BATCH,K3_ENTRY_READY_HOST_D1_PUBLISHED_SERIAL_MIXED,3,ENTRY_READY_HOST,D1_PUBLISHED,MIXED,B,BAAB,P01_Q025_B,3,19.921071,6.640357000000001,1.3280714000000002,752.9715646312388,366245.36903663457,3,15,7296,OK,OK,,True,True,19.887373,0.033698000000001116,e79a7395cbf0b19e04b0a626bcbf5df2a22f908d0983bef6ee431e36031f9dea,036c02cd74958557732672833f47b00d3338b07b4084e68e60612b7f377d8704
P01_Q026,1,0,AA,K6_RESIDENT_IO_D1_PUBLISHED_MIXED_AA,6,RESIDENT_IO,D1_PUBLISHED,MIXED,A,ABBA,P01_Q026_A,10,19.133411,1.9133410999999998,0.38266821999999995,2613.2298104086094,2182046.891691189,10,50,41750,OK,OK,,True,True,,,e79a7395cbf0b19e04b0a626bcbf5df2a22f908d0983bef6ee431e36031f9dea,036c02cd74958557732672833f47b00d3338b07b4084e68e60612b7f377d8704
P01_Q026,1,1,AA,K6_RESIDENT_IO_D1_PUBLISHED_MIXED_AA,6,RESIDENT_IO,D1_PUBLISHED,MIXED,B,ABBA,P01_Q026_B,10,19.83969,1.983969,0.39679380000000003,2520.200668458025,2104367.5581624513,10,50,41750,OK,OK,,True,True,,,e79a7395cbf0b19e04b0a626bcbf5df2a22f908d0983bef6ee431e36031f9dea,036c02cd74958557732672833f47b00d3338b07b4084e68e60612b7f377d8704
P01_Q026,1,2,AA,K6_RESIDENT_IO_D1_PUBLISHED_MIXED_AA,6,RESIDENT_IO,D1_PUBLISHED,MIXED,B,ABBA,P01_Q026_B,10,17.412792,1.7412792,0.34825584,2871.452205941471,2397662.5919611286,10,50,41750,OK,OK,,True,True,,,e79a7395cbf0b19e04b0a626bcbf5df2a22f908d0983bef6ee431e36031f9dea,036c02cd74958557732672833f47b00d3338b07b4084e68e60612b7f377d8704
P01_Q026,1,3,AA,K6_RESIDENT_IO_D1_PUBLISHED_MIXED_AA,6,RESIDENT_IO,D1_PUBLISHED,MIXED,A,ABBA,P01_Q026_A,10,17.958967,1.7958967000000001,0.35917934,2784.124498920233,2324743.9565983946,10,50,41750,OK,OK,,True,True,,,e79a7395cbf0b19e04b0a626bcbf5df2a22f908d0983bef6ee431e36031f9dea,036c02cd74958557732672833f47b00d3338b07b4084e68e60612b7f377d8704
P01_Q027,1,0,AA,K6_RESIDENT_IO_D1_GRAPH_SERIAL_AA,6,RESIDENT_IO,D1_GRAPH,SERIAL,A,ABBA,P01_Q027_A,10,56.575465,5.6575465000000005,1.1315093,883.7753255762016,737952.3968561284,50,50,41750,OK,OK,,True,True,,,e79a7395cbf0b19e04b0a626bcbf5df2a22f908d0983bef6ee431e36031f9dea,036c02cd74958557732672833f47b00d3338b07b4084e68e60612b7f377d8704
P01_Q027,1,1,AA,K6_RESIDENT_IO_D1_GRAPH_SERIAL_AA,6,RESIDENT_IO,D1_GRAPH,SERIAL,B,ABBA,P01_Q027_B,10,58.221745,5.8221745,1.1644349,858.7856650466248,717086.0303139316,50,50,41750,OK,OK,,True,True,,,e79a7395cbf0b19e04b0a626bcbf5df2a22f908d0983bef6ee431e36031f9dea,036c02cd74958557732672833f47b00d3338b07b4084e68e60612b7f377d8704
P01_Q027,1,2,AA,K6_RESIDENT_IO_D1_GRAPH_SERIAL_AA,6,RESIDENT_IO,D1_GRAPH,SERIAL,B,ABBA,P01_Q027_B,10,58.30037,5.830037,1.1660074,857.6274901857398,716118.9543050928,50,50,41750,OK,OK,,True,True,,,e79a7395cbf0b19e04b0a626bcbf5df2a22f908d0983bef6ee431e36031f9dea,036c02cd74958557732672833f47b00d3338b07b4084e68e60612b7f377d8704
P01_Q027,1,3,AA,K6_RESIDENT_IO_D1_GRAPH_SERIAL_AA,6,RESIDENT_IO,D1_GRAPH,SERIAL,A,ABBA,P01_Q027_A,10,59.146822,5.9146822,1.18293644,845.353956633545,705870.55378901,50,50,41750,OK,OK,,True,True,,,e79a7395cbf0b19e04b0a626bcbf5df2a22f908d0983bef6ee431e36031f9dea,036c02cd74958557732672833f47b00d3338b07b4084e68e60612b7f377d8704
P01_Q028,1,0,MIXED_BATCH,K6_ENTRY_READY_HOST_D1_PUBLISHED_SERIAL_MIXED,6,ENTRY_READY_HOST,D1_PUBLISHED,MIXED,B,BAAB,P01_Q028_B,3,21.63659,7.212196666666667,1.4424393333333334,693.2700578048574,578880.498267056,3,15,12525,OK,OK,,True,True,21.608711,0.027879000000002208,e79a7395cbf0b19e04b0a626bcbf5df2a22f908d0983bef6ee431e36031f9dea,036c02cd74958557732672833f47b00d3338b07b4084e68e60612b7f377d8704
P01_Q028,1,1,MIXED_BATCH,K6_ENTRY_READY_HOST_D1_PUBLISHED_SERIAL_MIXED,6,ENTRY_READY_HOST,D1_PUBLISHED,SERIAL,A,BAAB,P01_Q028_A,3,60.478934,20.15964466666667,4.031928933333334,248.0202445367175,207096.90418815913,15,15,12525,OK,OK,,True,True,60.447947,0.030987000000003206,e79a7395cbf0b19e04b0a626bcbf5df2a22f908d0983bef6ee431e36031f9dea,036c02cd74958557732672833f47b00d3338b07b4084e68e60612b7f377d8704
P01_Q028,1,2,MIXED_BATCH,K6_ENTRY_READY_HOST_D1_PUBLISHED_SERIAL_MIXED,6,ENTRY_READY_HOST,D1_PUBLISHED,SERIAL,A,BAAB,P01_Q028_A,3,56.156127,18.718709,3.7437418,267.11243814944714,223038.8858547884,15,15,12525,OK,OK,,True,True,56.12613399999999,0.0299930000000046,e79a7395cbf0b19e04b0a626bcbf5df2a22f908d0983bef6ee431e36031f9dea,036c02cd74958557732672833f47b00d3338b07b4084e68e60612b7f377d8704
P01_Q028,1,3,MIXED_BATCH,K6_ENTRY_READY_HOST_D1_PUBLISHED_SERIAL_MIXED,6,ENTRY_READY_HOST,D1_PUBLISHED,MIXED,B,BAAB,P01_Q028_B,3,20.59741,6.865803333333333,1.3731606666666667,728.2469009453131,608086.1622893364,3,15,12525,OK,OK,,True,True,20.565719,0.03169099999999858,e79a7395cbf0b19e04b0a626bcbf5df2a22f908d0983bef6ee431e36031f9dea,036c02cd74958557732672833f47b00d3338b07b4084e68e60612b7f377d8704
P01_Q029,1,0,AA,K3_ENTRY_READY_HOST_D1_PUBLISHED_MIXED_AA,3,ENTRY_READY_HOST,D1_PUBLISHED,MIXED,A,ABBA,P01_Q029_A,3,18.565378,6.188459333333333,1.2376918666666668,807.9555396071117,392989.57446489914,3,15,7296,OK,OK,,True,True,18.535542999999997,0.029835000000002054,e79a7395cbf0b19e04b0a626bcbf5df2a22f908d0983bef6ee431e36031f9dea,036c02cd74958557732672833f47b00d3338b07b4084e68e60612b7f377d8704
P01_Q029,1,1,AA,K3_ENTRY_READY_HOST_D1_PUBLISHED_MIXED_AA,3,ENTRY_READY_HOST,D1_PUBLISHED,MIXED,B,ABBA,P01_Q029_B,3,19.023064,6.341021333333334,1.2682042666666669,788.516508171344,383534.4295745417,3,15,7296,OK,OK,,True,True,18.98962,0.033444000000002916,e79a7395cbf0b19e04b0a626bcbf5df2a22f908d0983bef6ee431e36031f9dea,036c02cd74958557732672833f47b00d3338b07b4084e68e60612b7f377d8704
P01_Q029,1,2,AA,K3_ENTRY_READY_HOST_D1_PUBLISHED_MIXED_AA,3,ENTRY_READY_HOST,D1_PUBLISHED,MIXED,B,ABBA,P01_Q029_B,3,19.517186,6.505728666666666,1.3011457333333332,768.5534174854921,373824.3822649433,3,15,7296,OK,OK,,True,True,19.48528,0.031905999999999324,e79a7395cbf0b19e04b0a626bcbf5df2a22f908d0983bef6ee431e36031f9dea,036c02cd74958557732672833f47b00d3338b07b4084e68e60612b7f377d8704
P01_Q029,1,3,AA,K3_ENTRY_READY_HOST_D1_PUBLISHED_MIXED_AA,3,ENTRY_READY_HOST,D1_PUBLISHED,MIXED,A,ABBA,P01_Q029_A,3,17.822677,5.940892333333333,1.1881784666666666,841.6244091726512,409366.1126215776,3,15,7296,OK,OK,,True,True,17.792143,0.030533999999999395,e79a7395cbf0b19e04b0a626bcbf5df2a22f908d0983bef6ee431e36031f9dea,036c02cd74958557732672833f47b00d3338b07b4084e68e60612b7f377d8704
P01_Q030,1,0,MIXED_BATCH,K3_RESIDENT_IO_D1_PUBLISHED_SERIAL_MIXED,3,RESIDENT_IO,D1_PUBLISHED,MIXED,B,BAAB,P01_Q030_B,13,15.612892,1.2009916923076924,0.24019833846153849,4163.226133889864,2024993.1915240302,13,65,31616,OK,OK,,True,True,,,e79a7395cbf0b19e04b0a626bcbf5df2a22f908d0983bef6ee431e36031f9dea,036c02cd74958557732672833f47b00d3338b07b4084e68e60612b7f377d8704
P01_Q030,1,1,MIXED_BATCH,K3_RESIDENT_IO_D1_PUBLISHED_SERIAL_MIXED,3,RESIDENT_IO,D1_PUBLISHED,SERIAL,A,BAAB,P01_Q030_A,13,64.89529,4.991945384615385,0.998389076923077,1001.6135223372912,487184.81726485846,65,65,31616,OK,OK,,True,True,,,e79a7395cbf0b19e04b0a626bcbf5df2a22f908d0983bef6ee431e36031f9dea,036c02cd74958557732672833f47b00d3338b07b4084e68e60612b7f377d8704
P01_Q030,1,2,MIXED_BATCH,K3_RESIDENT_IO_D1_PUBLISHED_SERIAL_MIXED,3,RESIDENT_IO,D1_PUBLISHED,SERIAL,A,BAAB,P01_Q030_A,13,71.804037,5.523387461538461,1.1046774923076923,905.2415813333727,440309.5051605525,65,65,31616,OK,OK,,True,True,,,e79a7395cbf0b19e04b0a626bcbf5df2a22f908d0983bef6ee431e36031f9dea,036c02cd74958557732672833f47b00d3338b07b4084e68e60612b7f377d8704
P01_Q030,1,3,MIXED_BATCH,K3_RESIDENT_IO_D1_PUBLISHED_SERIAL_MIXED,3,RESIDENT_IO,D1_PUBLISHED,MIXED,B,BAAB,P01_Q030_B,13,16.316689,1.255129923076923,0.2510259846153846,3983.6513400482168,1937648.0117994528,13,65,31616,OK,OK,,True,True,,,e79a7395cbf0b19e04b0a626bcbf5df2a22f908d0983bef6ee431e36031f9dea,036c02cd74958557732672833f47b00d3338b07b4084e68e60612b7f377d8704
P01_Q031,1,0,MIXED_BATCH,K3_ENTRY_READY_HOST_D1_GRAPH_SERIAL_MIXED,3,ENTRY_READY_HOST,D1_GRAPH,SERIAL,A,ABBA,P01_Q031_A,3,53.95679,17.985596666666666,3.597119333333333,278.00022944285604,135219.31160100517,15,15,7296,OK,OK,,True,True,53.931011999999996,0.02577800000000252,e79a7395cbf0b19e04b0a626bcbf5df2a22f908d0983bef6ee431e36031f9dea,036c02cd74958557732672833f47b00d3338b07b4084e68e60612b7f377d8704
P01_Q031,1,1,MIXED_BATCH,K3_ENTRY_READY_HOST_D1_GRAPH_SERIAL_MIXED,3,ENTRY_READY_HOST,D1_GRAPH,MIXED,B,ABBA,P01_Q031_B,3,20.63364,6.87788,1.3755760000000001,726.9681936875897,353597.32940964366,3,15,7296,OK,OK,,True,True,20.595692,0.03794800000000009,e79a7395cbf0b19e04b0a626bcbf5df2a22f908d0983bef6ee431e36031f9dea,036c02cd74958557732672833f47b00d3338b07b4084e68e60612b7f377d8704
P01_Q031,1,2,MIXED_BATCH,K3_ENTRY_READY_HOST_D1_GRAPH_SERIAL_MIXED,3,ENTRY_READY_HOST,D1_GRAPH,MIXED,B,ABBA,P01_Q031_B,3,18.798239,6.266079666666666,1.2532159333333333,797.9470842986942,388121.4618028849,3,15,7296,OK,OK,,True,True,18.768799,0.029439999999997468,e79a7395cbf0b19e04b0a626bcbf5df2a22f908d0983bef6ee431e36031f9dea,036c02cd74958557732672833f47b00d3338b07b4084e68e60612b7f377d8704
P01_Q031,1,3,MIXED_BATCH,K3_ENTRY_READY_HOST_D1_GRAPH_SERIAL_MIXED,3,ENTRY_READY_HOST,D1_GRAPH,SERIAL,A,ABBA,P01_Q031_A,3,58.682737,19.560912333333334,3.9121824666666667,255.61179942919156,124329.57924235878,15,15,7296,OK,OK,,True,True,58.650992,0.0317450000000008,e79a7395cbf0b19e04b0a626bcbf5df2a22f908d0983bef6ee431e36031f9dea,036c02cd74958557732672833f47b00d3338b07b4084e68e60612b7f377d8704
P02_Q000,2,0,MIXED_BATCH,K6_RESIDENT_IO_D1_PUBLISHED_SERIAL_MIXED,6,RESIDENT_IO,D1_PUBLISHED,SERIAL,A,ABBA,P02_Q000_A,9,56.649084,6.294342666666667,1.2588685333333334,794.3641242283811,663294.0437306982,45,45,37575,OK,OK,,True,True,,,e79a7395cbf0b19e04b0a626bcbf5df2a22f908d0983bef6ee431e36031f9dea,036c02cd74958557732672833f47b00d3338b07b4084e68e60612b7f377d8704
P02_Q000,2,1,MIXED_BATCH,K6_RESIDENT_IO_D1_PUBLISHED_SERIAL_MIXED,6,RESIDENT_IO,D1_PUBLISHED,MIXED,B,ABBA,P02_Q000_B,9,16.119264,1.7910293333333334,0.35820586666666665,2791.690737244579,2331061.7655992233,9,45,37575,OK,OK,,True,True,,,e79a7395cbf0b19e04b0a626bcbf5df2a22f908d0983bef6ee431e36031f9dea,036c02cd74958557732672833f47b00d3338b07b4084e68e60612b7f377d8704
P02_Q000,2,2,MIXED_BATCH,K6_RESIDENT_IO_D1_PUBLISHED_SERIAL_MIXED,6,RESIDENT_IO,D1_PUBLISHED,MIXED,B,ABBA,P02_Q000_B,9,15.56382,1.7293133333333333,0.34586266666666665,2891.3210253009865,2414253.056126324,9,45,37575,OK,OK,,True,True,,,e79a7395cbf0b19e04b0a626bcbf5df2a22f908d0983bef6ee431e36031f9dea,036c02cd74958557732672833f47b00d3338b07b4084e68e60612b7f377d8704
P02_Q000,2,3,MIXED_BATCH,K6_RESIDENT_IO_D1_PUBLISHED_SERIAL_MIXED,6,RESIDENT_IO,D1_PUBLISHED,SERIAL,A,ABBA,P02_Q000_A,9,61.49026,6.832251111111111,1.3664502222222221,731.8232188317304,611072.3877244949,45,45,37575,OK,OK,,True,True,,,e79a7395cbf0b19e04b0a626bcbf5df2a22f908d0983bef6ee431e36031f9dea,036c02cd74958557732672833f47b00d3338b07b4084e68e60612b7f377d8704
P02_Q001,2,0,AA,K6_RESIDENT_IO_D1_PUBLISHED_SERIAL_AA,6,RESIDENT_IO,D1_PUBLISHED,SERIAL,A,ABBA,P02_Q001_A,9,56.812725,6.312525,1.262505,792.0760709858575,661383.519273191,45,45,37575,OK,OK,,True,True,,,e79a7395cbf0b19e04b0a626bcbf5df2a22f908d0983bef6ee431e36031f9dea,036c02cd74958557732672833f47b00d3338b07b4084e68e60612b7f377d8704
P02_Q001,2,1,AA,K6_RESIDENT_IO_D1_PUBLISHED_SERIAL_AA,6,RESIDENT_IO,D1_PUBLISHED,SERIAL,B,ABBA,P02_Q001_B,9,66.173425,7.352602777777777,1.4705205555555554,680.031296551448,567826.1326204591,45,45,37575,OK,OK,,True,True,,,e79a7395cbf0b19e04b0a626bcbf5df2a22f908d0983bef6ee431e36031f9dea,036c02cd74958557732672833f47b00d3338b07b4084e68e60612b7f377d8704
P02_Q001,2,2,AA,K6_RESIDENT_IO_D1_PUBLISHED_SERIAL_AA,6,RESIDENT_IO,D1_PUBLISHED,SERIAL,B,ABBA,P02_Q001_B,9,66.113347,7.345927444444445,1.4691854888888891,680.649249235559,568342.1231116918,45,45,37575,OK,OK,,True,True,,,e79a7395cbf0b19e04b0a626bcbf5df2a22f908d0983bef6ee431e36031f9dea,036c02cd74958557732672833f47b00d3338b07b4084e68e60612b7f377d8704
P02_Q001,2,3,AA,K6_RESIDENT_IO_D1_PUBLISHED_SERIAL_AA,6,RESIDENT_IO,D1_PUBLISHED,SERIAL,A,ABBA,P02_Q001_A,9,61.287181,6.809686777777777,1.3619373555555554,734.2481619443388,613097.2152235229,45,45,37575,OK,OK,,True,True,,,e79a7395cbf0b19e04b0a626bcbf5df2a22f908d0983bef6ee431e36031f9dea,036c02cd74958557732672833f47b00d3338b07b4084e68e60612b7f377d8704
P02_Q002,2,0,AA,K3_ENTRY_READY_HOST_D1_PUBLISHED_MIXED_AA,3,ENTRY_READY_HOST,D1_PUBLISHED,MIXED,B,BAAB,P02_Q002_B,3,20.923195,6.974398333333333,1.3948796666666667,716.9077189215127,348703.9144834238,3,15,7296,OK,OK,,True,True,20.895586,0.02760899999999822,e79a7395cbf0b19e04b0a626bcbf5df2a22f908d0983bef6ee431e36031f9dea,036c02cd74958557732672833f47b00d3338b07b4084e68e60612b7f377d8704
P02_Q002,2,1,AA,K3_ENTRY_READY_HOST_D1_PUBLISHED_MIXED_AA,3,ENTRY_READY_HOST,D1_PUBLISHED,MIXED,A,BAAB,P02_Q002_A,3,20.226718,6.742239333333334,1.3484478666666668,741.5933716977712,360711.0159937959,3,15,7296,OK,OK,,True,True,20.197811,0.028907000000000238,e79a7395cbf0b19e04b0a626bcbf5df2a22f908d0983bef6ee431e36031f9dea,036c02cd74958557732672833f47b00d3338b07b4084e68e60612b7f377d8704
P02_Q002,2,2,AA,K3_ENTRY_READY_HOST_D1_PUBLISHED_MIXED_AA,3,ENTRY_READY_HOST,D1_PUBLISHED,MIXED,A,BAAB,P02_Q002_A,3,19.654429,6.5514763333333335,1.3102952666666667,763.1867606024067,371214.0403570106,3,15,7296,OK,OK,,True,True,19.627271999999998,0.02715700000000254,e79a7395cbf0b19e04b0a626bcbf5df2a22f908d0983bef6ee431e36031f9dea,036c02cd74958557732672833f47b00d3338b07b4084e68e60612b7f377d8704
P02_Q002,2,3,AA,K3_ENTRY_READY_HOST_D1_PUBLISHED_MIXED_AA,3,ENTRY_READY_HOST,D1_PUBLISHED,MIXED,B,BAAB,P02_Q002_B,3,17.956191,5.985397,1.1970794,835.3664761084352,406322.25397914293,3,15,7296,OK,OK,,True,True,17.927224,0.02896700000000152,e79a7395cbf0b19e04b0a626bcbf5df2a22f908d0983bef6ee431e36031f9dea,036c02cd74958557732672833f47b00d3338b07b4084e68e60612b7f377d8704
P02_Q003,2,0,AA,K6_ENTRY_READY_HOST_D1_PUBLISHED_MIXED_AA,6,ENTRY_READY_HOST,D1_PUBLISHED,MIXED,A,ABBA,P02_Q003_A,3,20.620871,6.873623666666667,1.3747247333333334,727.4183520182052,607394.3239352014,3,15,12525,OK,OK,,True,True,20.596038,0.024833000000000993,e79a7395cbf0b19e04b0a626bcbf5df2a22f908d0983bef6ee431e36031f9dea,036c02cd74958557732672833f47b00d3338b07b4084e68e60612b7f377d8704
P02_Q003,2,1,AA,K6_ENTRY_READY_HOST_D1_PUBLISHED_MIXED_AA,6,ENTRY_READY_HOST,D1_PUBLISHED,MIXED,B,ABBA,P02_Q003_B,3,20.349825,6.783275,1.356655,737.1070758593747,615484.4083425779,3,15,12525,OK,OK,,True,True,20.319078,0.03074699999999808,e79a7395cbf0b19e04b0a626bcbf5df2a22f908d0983bef6ee431e36031f9dea,036c02cd74958557732672833f47b00d3338b07b4084e68e60612b7f377d8704
P02_Q003,2,2,AA,K6_ENTRY_READY_HOST_D1_PUBLISHED_MIXED_AA,6,ENTRY_READY_HOST,D1_PUBLISHED,MIXED,B,ABBA,P02_Q003_B,3,19.883392,6.6277973333333335,1.3255594666666668,754.3984446919318,629922.7013177631,3,15,12525,OK,OK,,True,True,19.856851,0.026541000000001702,e79a7395cbf0b19e04b0a626bcbf5df2a22f908d0983bef6ee431e36031f9dea,036c02cd74958557732672833f47b00d3338b07b4084e68e60612b7f377d8704
P02_Q003,2,3,AA,K6_ENTRY_READY_HOST_D1_PUBLISHED_MIXED_AA,6,ENTRY_READY_HOST,D1_PUBLISHED,MIXED,A,ABBA,P02_Q003_A,3,20.860903,6.9536343333333335,1.3907268666666668,719.0484515459374,600405.4570408578,3,15,12525,OK,OK,,True,True,20.833098,0.027805000000000746,e79a7395cbf0b19e04b0a626bcbf5df2a22f908d0983bef6ee431e36031f9dea,036c02cd74958557732672833f47b00d3338b07b4084e68e60612b7f377d8704
P02_Q004,2,0,AA,K3_RESIDENT_IO_D1_GRAPH_MIXED_AA,3,RESIDENT_IO,D1_GRAPH,MIXED,B,BAAB,P02_Q004_B,11,11.446712,1.0406101818181819,0.20812203636363638,4804.873224730385,2337090.3365088594,11,55,26752,OK,OK,,True,True,,,e79a7395cbf0b19e04b0a626bcbf5df2a22f908d0983bef6ee431e36031f9dea,036c02cd74958557732672833f47b00d3338b07b4084e68e60612b7f377d8704
P02_Q004,2,1,AA,K3_RESIDENT_IO_D1_GRAPH_MIXED_AA,3,RESIDENT_IO,D1_GRAPH,MIXED,A,BAAB,P02_Q004_A,11,11.235031,1.0213664545454544,0.20427329090909088,4895.402602805458,2381123.826004575,11,55,26752,OK,OK,,True,True,,,e79a7395cbf0b19e04b0a626bcbf5df2a22f908d0983bef6ee431e36031f9dea,036c02cd74958557732672833f47b00d3338b07b4084e68e60612b7f377d8704
P02_Q004,2,2,AA,K3_RESIDENT_IO_D1_GRAPH_MIXED_AA,3,RESIDENT_IO,D1_GRAPH,MIXED,A,BAAB,P02_Q004_A,11,13.818675,1.2562431818181818,0.25124863636363637,3980.1211042303257,1935930.9050976306,11,55,26752,OK,OK,,True,True,,,e79a7395cbf0b19e04b0a626bcbf5df2a22f908d0983bef6ee431e36031f9dea,036c02cd74958557732672833f47b00d3338b07b4084e68e60612b7f377d8704
P02_Q004,2,3,AA,K3_RESIDENT_IO_D1_GRAPH_MIXED_AA,3,RESIDENT_IO,D1_GRAPH,MIXED,B,BAAB,P02_Q004_B,11,13.890323,1.2627566363636364,0.2525513272727273,3959.591148456375,1925945.1346091807,11,55,26752,OK,OK,,True,True,,,e79a7395cbf0b19e04b0a626bcbf5df2a22f908d0983bef6ee431e36031f9dea,036c02cd74958557732672833f47b00d3338b07b4084e68e60612b7f377d8704
P02_Q005,2,0,MIXED_BATCH,K6_ENTRY_READY_HOST_D1_PUBLISHED_SERIAL_MIXED,6,ENTRY_READY_HOST,D1_PUBLISHED,MIXED,B,BAAB,P02_Q005_B,3,20.946941,6.982313666666666,1.3964627333333333,716.0950135869481,597939.3363451017,3,15,12525,OK,OK,,True,True,20.919477,0.02746399999999838,e79a7395cbf0b19e04b0a626bcbf5df2a22f908d0983bef6ee431e36031f9dea,036c02cd74958557732672833f47b00d3338b07b4084e68e60612b7f377d8704
P02_Q005,2,1,MIXED_BATCH,K6_ENTRY_READY_HOST_D1_PUBLISHED_SERIAL_MIXED,6,ENTRY_READY_HOST,D1_PUBLISHED,SERIAL,A,BAAB,P02_Q005_A,3,56.471123,18.823707666666667,3.7647415333333334,265.6224846104087,221794.7746496913,15,15,12525,OK,OK,,True,True,56.442171,0.028951999999996758,e79a7395cbf0b19e04b0a626bcbf5df2a22f908d0983bef6ee431e36031f9dea,036c02cd74958557732672833f47b00d3338b07b4084e68e60612b7f377d8704
P02_Q005,2,2,MIXED_BATCH,K6_ENTRY_READY_HOST_D1_PUBLISHED_SERIAL_MIXED,6,ENTRY_READY_HOST,D1_PUBLISHED,SERIAL,A,BAAB,P02_Q005_A,3,55.401903,18.467301,3.6934601999999996,270.7488224727588,226075.26676475356,15,15,12525,OK,OK,,True,True,55.377355,0.024547999999995795,e79a7395cbf0b19e04b0a626bcbf5df2a22f908d0983bef6ee431e36031f9dea,036c02cd74958557732672833f47b00d3338b07b4084e68e60612b7f377d8704
P02_Q005,2,3,MIXED_BATCH,K6_ENTRY_READY_HOST_D1_PUBLISHED_SERIAL_MIXED,6,ENTRY_READY_HOST,D1_PUBLISHED,MIXED,B,BAAB,P02_Q005_B,3,21.207237,7.0690789999999994,1.4138157999999998,707.3057183262488,590600.2748024177,3,15,12525,OK,OK,,True,True,21.16987,0.037366999999999706,e79a7395cbf0b19e04b0a626bcbf5df2a22f908d0983bef6ee431e36031f9dea,036c02cd74958557732672833f47b00d3338b07b4084e68e60612b7f377d8704
P02_Q006,2,0,AA,K6_RESIDENT_IO_D1_PUBLISHED_MIXED_AA,6,RESIDENT_IO,D1_PUBLISHED,MIXED,B,BAAB,P02_Q006_B,9,17.001513,1.889057,0.3778114,2646.8232562596045,2210097.41897677,9,45,37575,OK,OK,,True,True,,,e79a7395cbf0b19e04b0a626bcbf5df2a22f908d0983bef6ee431e36031f9dea,036c02cd74958557732672833f47b00d3338b07b4084e68e60612b7f377d8704
P02_Q006,2,1,AA,K6_RESIDENT_IO_D1_PUBLISHED_MIXED_AA,6,RESIDENT_IO,D1_PUBLISHED,MIXED,A,BAAB,P02_Q006_A,9,17.348518,1.927613111111111,0.3855226222222222,2593.881506189751,2165891.057668442,9,45,37575,OK,OK,,True,True,,,e79a7395cbf0b19e04b0a626bcbf5df2a22f908d0983bef6ee431e36031f9dea,036c02cd74958557732672833f47b00d3338b07b4084e68e60612b7f377d8704
P02_Q006,2,2,AA,K6_RESIDENT_IO_D1_PUBLISHED_MIXED_AA,6,RESIDENT_IO,D1_PUBLISHED,MIXED,A,BAAB,P02_Q006_A,9,17.011038,1.8901153333333331,0.37802306666666663,2645.341219036722,2208859.917895663,9,45,37575,OK,OK,,True,True,,,e79a7395cbf0b19e04b0a626bcbf5df2a22f908d0983bef6ee431e36031f9dea,036c02cd74958557732672833f47b00d3338b07b4084e68e60612b7f377d8704
P02_Q006,2,3,AA,K6_RESIDENT_IO_D1_PUBLISHED_MIXED_AA,6,RESIDENT_IO,D1_PUBLISHED,MIXED,B,BAAB,P02_Q006_B,9,15.641212,1.7379124444444445,0.3475824888888889,2877.014901402781,2402307.4426713223,9,45,37575,OK,OK,,True,True,,,e79a7395cbf0b19e04b0a626bcbf5df2a22f908d0983bef6ee431e36031f9dea,036c02cd74958557732672833f47b00d3338b07b4084e68e60612b7f377d8704
P02_Q007,2,0,AA,K3_RESIDENT_IO_D1_PUBLISHED_SERIAL_AA,3,RESIDENT_IO,D1_PUBLISHED,SERIAL,B,BAAB,P02_Q007_B,11,49.767221,4.524292818181818,0.9048585636363636,1105.145091384548,537542.5724494442,55,55,26752,OK,OK,,True,True,,,e79a7395cbf0b19e04b0a626bcbf5df2a22f908d0983bef6ee431e36031f9dea,036c02cd74958557732672833f47b00d3338b07b4084e68e60612b7f377d8704
P02_Q007,2,1,AA,K3_RESIDENT_IO_D1_PUBLISHED_SERIAL_AA,3,RESIDENT_IO,D1_PUBLISHED,SERIAL,A,BAAB,P02_Q007_A,11,57.837763,5.257978454545455,1.051595690909091,950.9358098790922,462535.1779251905,55,55,26752,OK,OK,,True,True,,,e79a7395cbf0b19e04b0a626bcbf5df2a22f908d0983bef6ee431e36031f9dea,036c02cd74958557732672833f47b00d3338b07b4084e68e60612b7f377d8704
P02_Q007,2,2,AA,K3_RESIDENT_IO_D1_PUBLISHED_SERIAL_AA,3,RESIDENT_IO,D1_PUBLISHED,SERIAL,A,BAAB,P02_Q007_A,11,59.197002,5.3815456363636365,1.0763091272727272,929.101105491795,451914.7777112091,55,55,26752,OK,OK,,True,True,,,e79a7395cbf0b19e04b0a626bcbf5df2a22f908d0983bef6ee431e36031f9dea,036c02cd74958557732672833f47b00d3338b07b4084e68e60612b7f377d8704
P02_Q007,2,3,AA,K3_RESIDENT_IO_D1_PUBLISHED_SERIAL_AA,3,RESIDENT_IO,D1_PUBLISHED,SERIAL,B,BAAB,P02_Q007_B,11,49.459255,4.496295909090909,0.8992591818181819,1112.0264549071755,540889.6676668503,55,55,26752,OK,OK,,True,True,,,e79a7395cbf0b19e04b0a626bcbf5df2a22f908d0983bef6ee431e36031f9dea,036c02cd74958557732672833f47b00d3338b07b4084e68e60612b7f377d8704
P02_Q008,2,0,MIXED_BATCH,K3_RESIDENT_IO_D1_PUBLISHED_SERIAL_MIXED,3,RESIDENT_IO,D1_PUBLISHED,SERIAL,A,ABBA,P02_Q008_A,11,52.503851,4.7730773636363635,0.9546154727272727,1047.5422079039497,509524.5299244812,55,55,26752,OK,OK,,True,True,,,e79a7395cbf0b19e04b0a626bcbf5df2a22f908d0983bef6ee431e36031f9dea,036c02cd74958557732672833f47b00d3338b07b4084e68e60612b7f377d8704
P02_Q008,2,1,MIXED_BATCH,K3_RESIDENT_IO_D1_PUBLISHED_SERIAL_MIXED,3,RESIDENT_IO,D1_PUBLISHED,MIXED,B,ABBA,P02_Q008_B,11,14.124709,1.2840644545454545,0.2568128909090909,3893.885530668278,1893985.9221170505,11,55,26752,OK,OK,,True,True,,,e79a7395cbf0b19e04b0a626bcbf5df2a22f908d0983bef6ee431e36031f9dea,036c02cd74958557732672833f47b00d3338b07b4084e68e60612b7f377d8704
P02_Q008,2,2,MIXED_BATCH,K3_RESIDENT_IO_D1_PUBLISHED_SERIAL_MIXED,3,RESIDENT_IO,D1_PUBLISHED,MIXED,B,ABBA,P02_Q008_B,11,13.30968,1.2099709090909092,0.24199418181818183,4132.330754758942,2009965.6791147494,11,55,26752,OK,OK,,True,True,,,e79a7395cbf0b19e04b0a626bcbf5df2a22f908d0983bef6ee431e36031f9dea,036c02cd74958557732672833f47b00d3338b07b4084e68e60612b7f377d8704
P02_Q008,2,3,MIXED_BATCH,K3_RESIDENT_IO_D1_PUBLISHED_SERIAL_MIXED,3,RESIDENT_IO,D1_PUBLISHED,SERIAL,A,ABBA,P02_Q008_A,11,50.519558,4.5926870909090916,0.9185374181818183,1088.6872763217762,529537.4912029118,55,55,26752,OK,OK,,True,True,,,e79a7395cbf0b19e04b0a626bcbf5df2a22f908d0983bef6ee431e36031f9dea,036c02cd74958557732672833f47b00d3338b07b4084e68e60612b7f377d8704
P02_Q009,2,0,AA,K3_ENTRY_READY_HOST_D1_PUBLISHED_SERIAL_AA,3,ENTRY_READY_HOST,D1_PUBLISHED,SERIAL,A,ABBA,P02_Q009_A,3,50.469172,16.823057333333335,3.364611466666667,297.21113712743295,144563.49709878338,15,15,7296,OK,OK,,True,True,50.443152,0.026020000000002597,e79a7395cbf0b19e04b0a626bcbf5df2a22f908d0983bef6ee431e36031f9dea,036c02cd74958557732672833f47b00d3338b07b4084e68e60612b7f377d8704
P02_Q009,2,1,AA,K3_ENTRY_READY_HOST_D1_PUBLISHED_SERIAL_AA,3,ENTRY_READY_HOST,D1_PUBLISHED,SERIAL,B,ABBA,P02_Q009_B,3,48.829877,16.276625666666668,3.2553251333333337,307.18897776457635,149416.71878468993,15,15,7296,OK,OK,,True,True,48.804674000000006,0.025202999999997644,e79a7395cbf0b19e04b0a626bcbf5df2a22f908d0983bef6ee431e36031f9dea,036c02cd74958557732672833f47b00d3338b07b4084e68e60612b7f377d8704
P02_Q009,2,2,AA,K3_ENTRY_READY_HOST_D1_PUBLISHED_SERIAL_AA,3,ENTRY_READY_HOST,D1_PUBLISHED,SERIAL,B,ABBA,P02_Q009_B,3,49.34422,16.448073333333333,3.2896146666666666,303.9869715237165,147859.26294913568,15,15,7296,OK,OK,,True,True,49.298463,0.045757000000001824,e79a7395cbf0b19e04b0a626bcbf5df2a22f908d0983bef6ee431e36031f9dea,036c02cd74958557732672833f47b00d3338b07b4084e68e60612b7f377d8704
P02_Q009,2,3,AA,K3_ENTRY_READY_HOST_D1_PUBLISHED_SERIAL_AA,3,ENTRY_READY_HOST,D1_PUBLISHED,SERIAL,A,ABBA,P02_Q009_A,3,49.235118,16.411706,3.2823412,304.66058799737215,148186.91000192182,15,15,7296,OK,OK,,True,True,49.20563,0.029488000000000625,e79a7395cbf0b19e04b0a626bcbf5df2a22f908d0983bef6ee431e36031f9dea,036c02cd74958557732672833f47b00d3338b07b4084e68e60612b7f377d8704
P02_Q010,2,0,AA,K3_ENTRY_READY_HOST_D1_GRAPH_SERIAL_AA,3,ENTRY_READY_HOST,D1_GRAPH,SERIAL,B,BAAB,P02_Q010_B,3,49.585745,16.528581666666668,3.3057163333333337,302.5062949039083,147139.06184126102,15,15,7296,OK,OK,,True,True,49.550315000000005,0.035429999999998074,e79a7395cbf0b19e04b0a626bcbf5df2a22f908d0983bef6ee431e36031f9dea,036c02cd74958557732672833f47b00d3338b07b4084e68e60612b7f377d8704
P02_Q010,2,1,AA,K3_ENTRY_READY_HOST_D1_GRAPH_SERIAL_AA,3,ENTRY_READY_HOST,D1_GRAPH,SERIAL,A,BAAB,P02_Q010_A,3,50.143582,16.714527333333333,3.3429054666666667,299.1409748110935,145502.17014811587,15,15,7296,OK,OK,,True,True,50.115055,0.028527000000003966,e79a7395cbf0b19e04b0a626bcbf5df2a22f908d0983bef6ee431e36031f9dea,036c02cd74958557732672833f47b00d3338b07b4084e68e60612b7f377d8704
P02_Q010,2,2,AA,K3_ENTRY_READY_HOST_D1_GRAPH_SERIAL_AA,3,ENTRY_READY_HOST,D1_GRAPH,SERIAL,A,BAAB,P02_Q010_A,3,49.646849,16.54894966666667,3.3097899333333336,302.1339783316359,146957.96706050768,15,15,7296,OK,OK,,True,True,49.620464999999996,0.02638400000000729,e79a7395cbf0b19e04b0a626bcbf5df2a22f908d0983bef6ee431e36031f9dea,036c02cd74958557732672833f47b00d3338b07b4084e68e60612b7f377d8704
P02_Q010,2,3,AA,K3_ENTRY_READY_HOST_D1_GRAPH_SERIAL_AA,3,ENTRY_READY_HOST,D1_GRAPH,SERIAL,B,BAAB,P02_Q010_B,3,50.187065,16.729021666666664,3.3458043333333327,298.8817935458071,145376.10438068057,15,15,7296,OK,OK,,True,True,50.159433,0.027631999999996992,e79a7395cbf0b19e04b0a626bcbf5df2a22f908d0983bef6ee431e36031f9dea,036c02cd74958557732672833f47b00d3338b07b4084e68e60612b7f377d8704
P02_Q011,2,0,MIXED_BATCH,K3_RESIDENT_IO_D1_GRAPH_SERIAL_MIXED,3,RESIDENT_IO,D1_GRAPH,SERIAL,A,ABBA,P02_Q011_A,11,47.131677,4.28469790909091,0.856939581818182,1166.9434126012532,567601.2758892495,55,55,26752,OK,OK,,True,True,,,e79a7395cbf0b19e04b0a626bcbf5df2a22f908d0983bef6ee431e36031f9dea,036c02cd74958557732672833f47b00d3338b07b4084e68e60612b7f377d8704
P02_Q011,2,1,MIXED_BATCH,K3_RESIDENT_IO_D1_GRAPH_SERIAL_MIXED,3,RESIDENT_IO,D1_GRAPH,MIXED,B,ABBA,P02_Q011_B,11,12.15944,1.1054036363636364,0.22108072727272726,4523.234622647095,2200101.3204555474,11,55,26752,OK,OK,,True,True,,,e79a7395cbf0b19e04b0a626bcbf5df2a22f908d0983bef6ee431e36031f9dea,036c02cd74958557732672833f47b00d3338b07b4084e68e60612b7f377d8704
P02_Q011,2,2,MIXED_BATCH,K3_RESIDENT_IO_D1_GRAPH_SERIAL_MIXED,3,RESIDENT_IO,D1_GRAPH,MIXED,B,ABBA,P02_Q011_B,11,12.400868,1.1273516363636362,0.22547032727272726,4435.173408829124,2157268.346054486,11,55,26752,OK,OK,,True,True,,,e79a7395cbf0b19e04b0a626bcbf5df2a22f908d0983bef6ee431e36031f9dea,036c02cd74958557732672833f47b00d3338b07b4084e68e60612b7f377d8704
P02_Q011,2,3,MIXED_BATCH,K3_RESIDENT_IO_D1_GRAPH_SERIAL_MIXED,3,RESIDENT_IO,D1_GRAPH,SERIAL,A,ABBA,P02_Q011_A,11,46.368969,4.215360818181818,0.8430721636363636,1186.138082992529,576937.5635675661,55,55,26752,OK,OK,,True,True,,,e79a7395cbf0b19e04b0a626bcbf5df2a22f908d0983bef6ee431e36031f9dea,036c02cd74958557732672833f47b00d3338b07b4084e68e60612b7f377d8704
P02_Q012,2,0,MIXED_BATCH,K3_RESIDENT_IO_D1_PUBLISHED_SERIAL_MIXED,3,RESIDENT_IO,D1_PUBLISHED,MIXED,B,BAAB,P02_Q012_B,11,13.502387,1.2274897272727274,0.24549794545454548,4073.3538447683354,1981279.3100953184,11,55,26752,OK,OK,,True,True,,,e79a7395cbf0b19e04b0a626bcbf5df2a22f908d0983bef6ee431e36031f9dea,036c02cd74958557732672833f47b00d3338b07b4084e68e60612b7f377d8704
P02_Q012,2,1,MIXED_BATCH,K3_RESIDENT_IO_D1_PUBLISHED_SERIAL_MIXED,3,RESIDENT_IO,D1_PUBLISHED,SERIAL,A,BAAB,P02_Q012_A,11,50.043684,4.549425818181818,0.9098851636363635,1099.039790915473,534572.9543012861,55,55,26752,OK,OK,,True,True,,,e79a7395cbf0b19e04b0a626bcbf5df2a22f908d0983bef6ee431e36031f9dea,036c02cd74958557732672833f47b00d3338b07b4084e68e60612b7f377d8704
P02_Q012,2,2,MIXED_BATCH,K3_RESIDENT_IO_D1_PUBLISHED_SERIAL_MIXED,3,RESIDENT_IO,D1_PUBLISHED,SERIAL,A,BAAB,P02_Q012_A,11,50.576741,4.597885545454545,0.9195771090909091,1087.4563863258804,528938.7863089083,55,55,26752,OK,OK,,True,True,,,e79a7395cbf0b19e04b0a626bcbf5df2a22f908d0983bef6ee431e36031f9dea,036c02cd74958557732672833f47b00d3338b07b4084e68e60612b7f377d8704
P02_Q012,2,3,MIXED_BATCH,K3_RESIDENT_IO_D1_PUBLISHED_SERIAL_MIXED,3,RESIDENT_IO,D1_PUBLISHED,MIXED,B,BAAB,P02_Q012_B,11,13.181097,1.1982815454545455,0.2396563090909091,4172.642079790476,2029573.1076100874,11,55,26752,OK,OK,,True,True,,,e79a7395cbf0b19e04b0a626bcbf5df2a22f908d0983bef6ee431e36031f9dea,036c02cd74958557732672833f47b00d3338b07b4084e68e60612b7f377d8704
P02_Q013,2,0,AA,K3_RESIDENT_IO_D1_GRAPH_SERIAL_AA,3,RESIDENT_IO,D1_GRAPH,SERIAL,A,ABBA,P02_Q013_A,11,44.820532,4.074593818181818,0.8149187636363637,1227.1161797008567,596869.3098064967,55,55,26752,OK,OK,,True,True,,,e79a7395cbf0b19e04b0a626bcbf5df2a22f908d0983bef6ee431e36031f9dea,036c02cd74958557732672833f47b00d3338b07b4084e68e60612b7f377d8704
P02_Q013,2,1,AA,K3_RESIDENT_IO_D1_GRAPH_SERIAL_AA,3,RESIDENT_IO,D1_GRAPH,SERIAL,B,ABBA,P02_Q013_B,11,44.756476,4.068770545454545,0.8137541090909091,1228.8724429510492,597723.5562513904,55,55,26752,OK,OK,,True,True,,,e79a7395cbf0b19e04b0a626bcbf5df2a22f908d0983bef6ee431e36031f9dea,036c02cd74958557732672833f47b00d3338b07b4084e68e60612b7f377d8704
P02_Q013,2,2,AA,K3_RESIDENT_IO_D1_GRAPH_SERIAL_AA,3,RESIDENT_IO,D1_GRAPH,SERIAL,B,ABBA,P02_Q013_B,11,50.69983,4.609075454545454,0.9218150909090909,1084.8162607251345,527654.6292167054,55,55,26752,OK,OK,,True,True,,,e79a7395cbf0b19e04b0a626bcbf5df2a22f908d0983bef6ee431e36031f9dea,036c02cd74958557732672833f47b00d3338b07b4084e68e60612b7f377d8704
P02_Q013,2,3,AA,K3_RESIDENT_IO_D1_GRAPH_SERIAL_AA,3,RESIDENT_IO,D1_GRAPH,SERIAL,A,ABBA,P02_Q013_A,11,52.762803,4.796618454545454,0.9593236909090909,1042.4010263442601,507023.8592138481,55,55,26752,OK,OK,,True,True,,,e79a7395cbf0b19e04b0a626bcbf5df2a22f908d0983bef6ee431e36031f9dea,036c02cd74958557732672833f47b00d3338b07b4084e68e60612b7f377d8704
P02_Q014,2,0,AA,K3_RESIDENT_IO_D1_PUBLISHED_MIXED_AA,3,RESIDENT_IO,D1_PUBLISHED,MIXED,A,ABBA,P02_Q014_A,11,12.634753,1.148613909090909,0.22972278181818181,4353.072830153466,2117334.624586646,11,55,26752,OK,OK,,True,True,,,e79a7395cbf0b19e04b0a626bcbf5df2a22f908d0983bef6ee431e36031f9dea,036c02cd74958557732672833f47b00d3338b07b4084e68e60612b7f377d8704
P02_Q014,2,1,AA,K3_RESIDENT_IO_D1_PUBLISHED_MIXED_AA,3,RESIDENT_IO,D1_PUBLISHED,MIXED,B,ABBA,P02_Q014_B,11,12.477353,1.1343048181818183,0.22686096363636366,4407.986213101448,2144044.4940525442,11,55,26752,OK,OK,,True,True,,,e79a7395cbf0b19e04b0a626bcbf5df2a22f908d0983bef6ee431e36031f9dea,036c02cd74958557732672833f47b00d3338b07b4084e68e60612b7f377d8704
P02_Q014,2,2,AA,K3_RESIDENT_IO_D1_PUBLISHED_MIXED_AA,3,RESIDENT_IO,D1_PUBLISHED,MIXED,B,ABBA,P02_Q014_B,11,12.882191,1.1711082727272728,0.23422165454545457,4269.46006312125,2076665.3747021758,11,55,26752,OK,OK,,True,True,,,e79a7395cbf0b19e04b0a626bcbf5df2a22f908d0983bef6ee431e36031f9dea,036c02cd74958557732672833f47b00d3338b07b4084e68e60612b7f377d8704
P02_Q014,2,3,AA,K3_RESIDENT_IO_D1_PUBLISHED_MIXED_AA,3,RESIDENT_IO,D1_PUBLISHED,MIXED,A,ABBA,P02_Q014_A,11,15.369883,1.397262090909091,0.2794524181818182,3578.426719318553,1740546.7562765442,11,55,26752,OK,OK,,True,True,,,e79a7395cbf0b19e04b0a626bcbf5df2a22f908d0983bef6ee431e36031f9dea,036c02cd74958557732672833f47b00d3338b07b4084e68e60612b7f377d8704
P02_Q015,2,0,MIXED_BATCH,K3_ENTRY_READY_HOST_D1_GRAPH_SERIAL_MIXED,3,ENTRY_READY_HOST,D1_GRAPH,MIXED,B,BAAB,P02_Q015_B,3,18.391905,6.130635000000001,1.2261270000000002,815.5762005077777,396696.26392698305,3,15,7296,OK,OK,,True,True,18.366073,0.025832000000001187,e79a7395cbf0b19e04b0a626bcbf5df2a22f908d0983bef6ee431e36031f9dea,036c02cd74958557732672833f47b00d3338b07b4084e68e60612b7f377d8704
P02_Q015,2,1,MIXED_BATCH,K3_ENTRY_READY_HOST_D1_GRAPH_SERIAL_MIXED,3,ENTRY_READY_HOST,D1_GRAPH,SERIAL,A,BAAB,P02_Q015_A,3,50.508181,16.836060333333332,3.3672120666666663,296.9815919524008,144451.84632564773,15,15,7296,OK,OK,,True,True,50.47923,0.028950999999999283,e79a7395cbf0b19e04b0a626bcbf5df2a22f908d0983bef6ee431e36031f9dea,036c02cd74958557732672833f47b00d3338b07b4084e68e60612b7f377d8704
P02_Q015,2,2,MIXED_BATCH,K3_ENTRY_READY_HOST_D1_GRAPH_SERIAL_MIXED,3,ENTRY_READY_HOST,D1_GRAPH,SERIAL,A,BAAB,P02_Q015_A,3,51.492152,17.164050666666665,3.4328101333333327,291.3065276432805,141691.49504569164,15,15,7296,OK,OK,,True,True,51.461309,0.03084299999999729,e79a7395cbf0b19e04b0a626bcbf5df2a22f908d0983bef6ee431e36031f9dea,036c02cd74958557732672833f47b00d3338b07b4084e68e60612b7f377d8704
P02_Q015,2,3,MIXED_BATCH,K3_ENTRY_READY_HOST_D1_GRAPH_SERIAL_MIXED,3,ENTRY_READY_HOST,D1_GRAPH,MIXED,B,BAAB,P02_Q015_B,3,20.948811,6.982937,1.3965874,716.0310912156303,348277.5227672826,3,15,7296,OK,OK,,True,True,20.917959,0.030851999999999435,e79a7395cbf0b19e04b0a626bcbf5df2a22f908d0983bef6ee431e36031f9dea,036c02cd74958557732672833f47b00d3338b07b4084e68e60612b7f377d8704
P02_Q016,2,0,MIXED_BATCH,K6_ENTRY_READY_HOST_D1_GRAPH_SERIAL_MIXED,6,ENTRY_READY_HOST,D1_GRAPH,MIXED,B,BAAB,P02_Q016_B,3,18.740172,6.246724,1.2493448,800.4195479102326,668350.3225050442,3,15,12525,OK,OK,,True,True,18.716116,0.02405600000000163,e79a7395cbf0b19e04b0a626bcbf5df2a22f908d0983bef6ee431e36031f9dea,036c02cd74958557732672833f47b00d3338b07b4084e68e60612b7f377d8704
P02_Q016,2,1,MIXED_BATCH,K6_ENTRY_READY_HOST_D1_GRAPH_SERIAL_MIXED,6,ENTRY_READY_HOST,D1_GRAPH,SERIAL,A,BAAB,P02_Q016_A,3,55.780507,18.593502333333333,3.7187004666666668,268.91114489152994,224540.8059844275,15,15,12525,OK,OK,,True,True,55.687956,0.09255100000000027,e79a7395cbf0b19e04b0a626bcbf5df2a22f908d0983bef6ee431e36031f9dea,036c02cd74958557732672833f47b00d3338b07b4084e68e60612b7f377d8704
P02_Q016,2,2,MIXED_BATCH,K6_ENTRY_READY_HOST_D1_GRAPH_SERIAL_MIXED,6,ENTRY_READY_HOST,D1_GRAPH,SERIAL,A,BAAB,P02_Q016_A,3,55.569202,18.523067333333334,3.704613466666667,269.93369456700134,225394.63496344612,15,15,12525,OK,OK,,True,True,55.530241000000004,0.03896099999999336,e79a7395cbf0b19e04b0a626bcbf5df2a22f908d0983bef6ee431e36031f9dea,036c02cd74958557732672833f47b00d3338b07b4084e68e60612b7f377d8704
P02_Q016,2,3,MIXED_BATCH,K6_ENTRY_READY_HOST_D1_GRAPH_SERIAL_MIXED,6,ENTRY_READY_HOST,D1_GRAPH,MIXED,B,BAAB,P02_Q016_B,3,24.126723,8.042240999999999,1.6084481999999998,621.7172551780034,519133.9080736328,3,15,12525,OK,OK,,True,True,24.094577,0.03214599999999734,e79a7395cbf0b19e04b0a626bcbf5df2a22f908d0983bef6ee431e36031f9dea,036c02cd74958557732672833f47b00d3338b07b4084e68e60612b7f377d8704
P02_Q017,2,0,MIXED_BATCH,K3_ENTRY_READY_HOST_D1_GRAPH_SERIAL_MIXED,3,ENTRY_READY_HOST,D1_GRAPH,SERIAL,A,ABBA,P02_Q017_A,3,53.840292,17.946763999999998,3.5893527999999995,278.60175795480455,135511.89506921696,15,15,7296,OK,OK,,True,True,53.816124,0.02416799999999597,e79a7395cbf0b19e04b0a626bcbf5df2a22f908d0983bef6ee431e36031f9dea,036c02cd74958557732672833f47b00d3338b07b4084e68e60612b7f377d8704
P02_Q017,2,1,MIXED_BATCH,K3_ENTRY_READY_HOST_D1_GRAPH_SERIAL_MIXED,3,ENTRY_READY_HOST,D1_GRAPH,MIXED,B,ABBA,P02_Q017_B,3,20.891434,6.963811333333333,1.3927622666666666,717.9976252467877,349234.04492003756,3,15,7296,OK,OK,,True,True,20.860036,0.03139799999999937,e79a7395cbf0b19e04b0a626bcbf5df2a22f908d0983bef6ee431e36031f9dea,036c02cd74958557732672833f47b00d3338b07b4084e68e60612b7f377d8704
P02_Q017,2,2,MIXED_BATCH,K3_ENTRY_READY_HOST_D1_GRAPH_SERIAL_MIXED,3,ENTRY_READY_HOST,D1_GRAPH,MIXED,B,ABBA,P02_Q017_B,3,21.025253,7.008417666666666,1.4016835333333333,713.4278003693939,347011.2820996732,3,15,7296,OK,OK,,True,True,20.995869,0.0293840000000003,e79a7395cbf0b19e04b0a626bcbf5df2a22f908d0983bef6ee431e36031f9dea,036c02cd74958557732672833f47b00d3338b07b4084e68e60612b7f377d8704
P02_Q017,2,3,MIXED_BATCH,K3_ENTRY_READY_HOST_D1_GRAPH_SERIAL_MIXED,3,ENTRY_READY_HOST,D1_GRAPH,SERIAL,A,ABBA,P02_Q017_A,3,50.041502,16.680500666666667,3.3361001333333333,299.75119451850185,145798.9810137993,15,15,7296,OK,OK,,True,True,50.015449,0.026053000000004545,e79a7395cbf0b19e04b0a626bcbf5df2a22f908d0983bef6ee431e36031f9dea,036c02cd74958557732672833f47b00d3338b07b4084e68e60612b7f377d8704
P02_Q018,2,0,MIXED_BATCH,K6_RESIDENT_IO_D1_GRAPH_SERIAL_MIXED,6,RESIDENT_IO,D1_GRAPH,MIXED,B,BAAB,P02_Q018_B,9,15.927521,1.7697245555555556,0.35394491111111115,2825.298425285391,2359124.1851133015,9,45,37575,OK,OK,,True,True,,,e79a7395cbf0b19e04b0a626bcbf5df2a22f908d0983bef6ee431e36031f9dea,036c02cd74958557732672833f47b00d3338b07b4084e68e60612b7f377d8704
P02_Q018,2,1,MIXED_BATCH,K6_RESIDENT_IO_D1_GRAPH_SERIAL_MIXED,6,RESIDENT_IO,D1_GRAPH,SERIAL,A,BAAB,P02_Q018_A,9,51.947118,5.771902000000001,1.1543804000000002,866.2655741556248,723331.7544199467,45,45,37575,OK,OK,,True,True,,,e79a7395cbf0b19e04b0a626bcbf5df2a22f908d0983bef6ee431e36031f9dea,036c02cd74958557732672833f47b00d3338b07b4084e68e60612b7f377d8704
P02_Q018,2,2,MIXED_BATCH,K6_RESIDENT_IO_D1_GRAPH_SERIAL_MIXED,6,RESIDENT_IO,D1_GRAPH,SERIAL,A,BAAB,P02_Q018_A,9,53.05021,5.894467777777778,1.1788935555555555,848.253004088014,708291.2584134917,45,45,37575,OK,OK,,True,True,,,e79a7395cbf0b19e04b0a626bcbf5df2a22f908d0983bef6ee431e36031f9dea,036c02cd74958557732672833f47b00d3338b07b4084e68e60612b7f377d8704
P02_Q018,2,3,MIXED_BATCH,K6_RESIDENT_IO_D1_GRAPH_SERIAL_MIXED,6,RESIDENT_IO,D1_GRAPH,MIXED,B,BAAB,P02_Q018_B,9,16.452673,1.828074777777778,0.36561495555555557,2735.1178741594144,2283823.424923111,9,45,37575,OK,OK,,True,True,,,e79a7395cbf0b19e04b0a626bcbf5df2a22f908d0983bef6ee431e36031f9dea,036c02cd74958557732672833f47b00d3338b07b4084e68e60612b7f377d8704
P02_Q019,2,0,AA,K6_RESIDENT_IO_D1_GRAPH_SERIAL_AA,6,RESIDENT_IO,D1_GRAPH,SERIAL,B,BAAB,P02_Q019_B,9,47.697054,5.299672666666667,1.0599345333333334,943.4544951141007,787784.5034202741,45,45,37575,OK,OK,,True,True,,,e79a7395cbf0b19e04b0a626bcbf5df2a22f908d0983bef6ee431e36031f9dea,036c02cd74958557732672833f47b00d3338b07b4084e68e60612b7f377d8704
P02_Q019,2,1,AA,K6_RESIDENT_IO_D1_GRAPH_SERIAL_AA,6,RESIDENT_IO,D1_GRAPH,SERIAL,A,BAAB,P02_Q019_A,9,47.883398,5.320377555555556,1.064075511111111,939.7829285214888,784718.7453154431,45,45,37575,OK,OK,,True,True,,,e79a7395cbf0b19e04b0a626bcbf5df2a22f908d0983bef6ee431e36031f9dea,036c02cd74958557732672833f47b00d3338b07b4084e68e60612b7f377d8704
P02_Q019,2,2,AA,K6_RESIDENT_IO_D1_GRAPH_SERIAL_AA,6,RESIDENT_IO,D1_GRAPH,SERIAL,A,BAAB,P02_Q019_A,9,49.390699,5.4878554444444445,1.097571088888889,911.1027159182339,760770.7677917253,45,45,37575,OK,OK,,True,True,,,e79a7395cbf0b19e04b0a626bcbf5df2a22f908d0983bef6ee431e36031f9dea,036c02cd74958557732672833f47b00d3338b07b4084e68e60612b7f377d8704
P02_Q019,2,3,AA,K6_RESIDENT_IO_D1_GRAPH_SERIAL_AA,6,RESIDENT_IO,D1_GRAPH,SERIAL,B,BAAB,P02_Q019_B,9,54.304595,6.033843888888889,1.2067687777777778,828.6591585850148,691930.3974184874,45,45,37575,OK,OK,,True,True,,,e79a7395cbf0b19e04b0a626bcbf5df2a22f908d0983bef6ee431e36031f9dea,036c02cd74958557732672833f47b00d3338b07b4084e68e60612b7f377d8704
P02_Q020,2,0,MIXED_BATCH,K6_RESIDENT_IO_D1_GRAPH_SERIAL_MIXED,6,RESIDENT_IO,D1_GRAPH,SERIAL,A,ABBA,P02_Q020_A,9,49.166077,5.462897444444445,1.092579488888889,915.2652142655188,764246.4539117082,45,45,37575,OK,OK,,True,True,,,e79a7395cbf0b19e04b0a626bcbf5df2a22f908d0983bef6ee431e36031f9dea,036c02cd74958557732672833f47b00d3338b07b4084e68e60612b7f377d8704
P02_Q020,2,1,MIXED_BATCH,K6_RESIDENT_IO_D1_GRAPH_SERIAL_MIXED,6,RESIDENT_IO,D1_GRAPH,MIXED,B,ABBA,P02_Q020_B,9,15.140237,1.6822485555555557,0.33644971111111116,2972.2123900702477,2481797.3457086566,9,45,37575,OK,OK,,True,True,,,e79a7395cbf0b19e04b0a626bcbf5df2a22f908d0983bef6ee431e36031f9dea,036c02cd74958557732672833f47b00d3338b07b4084e68e60612b7f377d8704
P02_Q020,2,2,MIXED_BATCH,K6_RESIDENT_IO_D1_GRAPH_SERIAL_MIXED,6,RESIDENT_IO,D1_GRAPH,MIXED,B,ABBA,P02_Q020_B,9,14.480502,1.6089446666666667,0.32178893333333336,3107.62706983501,2594868.603312233,9,45,37575,OK,OK,,True,True,,,e79a7395cbf0b19e04b0a626bcbf5df2a22f908d0983bef6ee431e36031f9dea,036c02cd74958557732672833f47b00d3338b07b4084e68e60612b7f377d8704
P02_Q020,2,3,MIXED_BATCH,K6_RESIDENT_IO_D1_GRAPH_SERIAL_MIXED,6,RESIDENT_IO,D1_GRAPH,SERIAL,A,ABBA,P02_Q020_A,9,54.640526,6.071169555555556,1.2142339111111111,823.5645462124578,687676.3960874022,45,45,37575,OK,OK,,True,True,,,e79a7395cbf0b19e04b0a626bcbf5df2a22f908d0983bef6ee431e36031f9dea,036c02cd74958557732672833f47b00d3338b07b4084e68e60612b7f377d8704
P02_Q021,2,0,AA,K6_RESIDENT_IO_D1_GRAPH_MIXED_AA,6,RESIDENT_IO,D1_GRAPH,MIXED,A,ABBA,P02_Q021_A,9,15.817459,1.7574954444444444,0.35149908888888887,2844.957587688389,2375539.585719805,9,45,37575,OK,OK,,True,True,,,e79a7395cbf0b19e04b0a626bcbf5df2a22f908d0983bef6ee431e36031f9dea,036c02cd74958557732672833f47b00d3338b07b4084e68e60612b7f377d8704
P02_Q021,2,1,AA,K6_RESIDENT_IO_D1_GRAPH_MIXED_AA,6,RESIDENT_IO,D1_GRAPH,MIXED,B,ABBA,P02_Q021_B,9,14.588339,1.6209265555555554,0.3241853111111111,3084.655490936974,2575687.3349323734,9,45,37575,OK,OK,,True,True,,,e79a7395cbf0b19e04b0a626bcbf5df2a22f908d0983bef6ee431e36031f9dea,036c02cd74958557732672833f47b00d3338b07b4084e68e60612b7f377d8704
P02_Q021,2,2,AA,K6_RESIDENT_IO_D1_GRAPH_MIXED_AA,6,RESIDENT_IO,D1_GRAPH,MIXED,B,ABBA,P02_Q021_B,9,16.662982,1.8514424444444444,0.3702884888888889,2700.5970479953708,2254998.535076135,9,45,37575,OK,OK,,True,True,,,e79a7395cbf0b19e04b0a626bcbf5df2a22f908d0983bef6ee431e36031f9dea,036c02cd74958557732672833f47b00d3338b07b4084e68e60612b7f377d8704
P02_Q021,2,3,AA,K6_RESIDENT_IO_D1_GRAPH_MIXED_AA,6,RESIDENT_IO,D1_GRAPH,MIXED,A,ABBA,P02_Q021_A,9,15.76865,1.752072222222222,0.3504144444444444,2853.7636386120566,2382892.638241067,9,45,37575,OK,OK,,True,True,,,e79a7395cbf0b19e04b0a626bcbf5df2a22f908d0983bef6ee431e36031f9dea,036c02cd74958557732672833f47b00d3338b07b4084e68e60612b7f377d8704
P02_Q022,2,0,AA,K6_ENTRY_READY_HOST_D1_PUBLISHED_SERIAL_AA,6,ENTRY_READY_HOST,D1_PUBLISHED,SERIAL,B,BAAB,P02_Q022_B,3,54.817108,18.272369333333334,3.6544738666666667,273.6372009993668,228487.06283447132,15,15,12525,OK,OK,,True,True,54.791868,0.0252399999999966,e79a7395cbf0b19e04b0a626bcbf5df2a22f908d0983bef6ee431e36031f9dea,036c02cd74958557732672833f47b00d3338b07b4084e68e60612b7f377d8704
P02_Q022,2,1,AA,K6_ENTRY_READY_HOST_D1_PUBLISHED_SERIAL_AA,6,ENTRY_READY_HOST,D1_PUBLISHED,SERIAL,A,BAAB,P02_Q022_A,3,55.798656,18.599552,3.7199104,268.8236791939935,224467.77212698458,15,15,12525,OK,OK,,True,True,55.767148999999996,0.03150700000000484,e79a7395cbf0b19e04b0a626bcbf5df2a22f908d0983bef6ee431e36031f9dea,036c02cd74958557732672833f47b00d3338b07b4084e68e60612b7f377d8704
P02_Q022,2,2,AA,K6_ENTRY_READY_HOST_D1_PUBLISHED_SERIAL_AA,6,ENTRY_READY_HOST,D1_PUBLISHED,SERIAL,A,BAAB,P02_Q022_A,3,59.992355,19.997451666666667,3.999490333333333,250.03185822593562,208776.60161865625,15,15,12525,OK,OK,,True,True,59.962149,0.03020600000000684,e79a7395cbf0b19e04b0a626bcbf5df2a22f908d0983bef6ee431e36031f9dea,036c02cd74958557732672833f47b00d3338b07b4084e68e60612b7f377d8704
P02_Q022,2,3,AA,K6_ENTRY_READY_HOST_D1_PUBLISHED_SERIAL_AA,6,ENTRY_READY_HOST,D1_PUBLISHED,SERIAL,B,BAAB,P02_Q022_B,3,56.922402,18.974134,3.7948268,263.51663796619124,220036.39270176968,15,15,12525,OK,OK,,True,True,56.894822,0.027580000000000382,e79a7395cbf0b19e04b0a626bcbf5df2a22f908d0983bef6ee431e36031f9dea,036c02cd74958557732672833f47b00d3338b07b4084e68e60612b7f377d8704
P02_Q023,2,0,MIXED_BATCH,K3_ENTRY_READY_HOST_D1_PUBLISHED_SERIAL_MIXED,3,ENTRY_READY_HOST,D1_PUBLISHED,MIXED,B,BAAB,P02_Q023_B,3,19.217331,6.4057770000000005,1.2811554,780.5454357839806,379657.29996532813,3,15,7296,OK,OK,,True,True,19.189905,0.02742600000000195,e79a7395cbf0b19e04b0a626bcbf5df2a22f908d0983bef6ee431e36031f9dea,036c02cd74958557732672833f47b00d3338b07b4084e68e60612b7f377d8704
P02_Q023,2,1,MIXED_BATCH,K3_ENTRY_READY_HOST_D1_PUBLISHED_SERIAL_MIXED,3,ENTRY_READY_HOST,D1_PUBLISHED,SERIAL,A,BAAB,P02_Q023_A,3,54.451241,18.15041366666667,3.630082733333334,275.47581514257865,133991.43648535025,15,15,7296,OK,OK,,True,True,54.422562,0.028679000000003896,e79a7395cbf0b19e04b0a626bcbf5df2a22f908d0983bef6ee431e36031f9dea,036c02cd74958557732672833f47b00d3338b07b4084e68e60612b7f377d8704
P02_Q023,2,2,MIXED_BATCH,K3_ENTRY_READY_HOST_D1_PUBLISHED_SERIAL_MIXED,3,ENTRY_READY_HOST,D1_PUBLISHED,SERIAL,A,BAAB,P02_Q023_A,3,55.991683,18.663894333333335,3.732778866666667,267.89693033517136,130305.06691502735,15,15,7296,OK,OK,,True,True,55.960325999999995,0.03135700000000696,e79a7395cbf0b19e04b0a626bcbf5df2a22f908d0983bef6ee431e36031f9dea,036c02cd74958557732672833f47b00d3338b07b4084e68e60612b7f377d8704
P02_Q023,2,3,MIXED_BATCH,K3_ENTRY_READY_HOST_D1_PUBLISHED_SERIAL_MIXED,3,ENTRY_READY_HOST,D1_PUBLISHED,MIXED,B,BAAB,P02_Q023_B,3,20.522808,6.840936,1.3681872,730.8941349546319,355506.907241933,3,15,7296,OK,OK,,True,True,20.4911,0.031708000000001846,e79a7395cbf0b19e04b0a626bcbf5df2a22f908d0983bef6ee431e36031f9dea,036c02cd74958557732672833f47b00d3338b07b4084e68e60612b7f377d8704
P02_Q024,2,0,AA,K3_ENTRY_READY_HOST_D1_GRAPH_MIXED_AA,3,ENTRY_READY_HOST,D1_GRAPH,MIXED,A,ABBA,P02_Q024_A,3,18.018353,6.006117666666667,1.2012235333333334,832.4845228639931,404920.4719210462,3,15,7296,OK,OK,,True,True,17.991936000000003,0.02641699999999858,e79a7395cbf0b19e04b0a626bcbf5df2a22f908d0983bef6ee431e36031f9dea,036c02cd74958557732672833f47b00d3338b07b4084e68e60612b7f377d8704
P02_Q024,2,1,AA,K3_ENTRY_READY_HOST_D1_GRAPH_MIXED_AA,3,ENTRY_READY_HOST,D1_GRAPH,MIXED,B,ABBA,P02_Q024_B,3,21.07346,7.024486666666667,1.4048973333333334,711.7957848402682,346217.4697463065,3,15,7296,OK,OK,,True,True,21.038891999999997,0.03456800000000371,e79a7395cbf0b19e04b0a626bcbf5df2a22f908d0983bef6ee431e36031f9dea,036c02cd74958557732672833f47b00d3338b07b4084e68e60612b7f377d8704
P02_Q024,2,2,AA,K3_ENTRY_READY_HOST_D1_GRAPH_MIXED_AA,3,ENTRY_READY_HOST,D1_GRAPH,MIXED,B,ABBA,P02_Q024_B,3,21.718277,7.2394256666666665,1.4478851333333334,690.6625235510165,335938.25145521446,3,15,7296,OK,OK,,True,True,21.683697,0.03458000000000183,e79a7395cbf0b19e04b0a626bcbf5df2a22f908d0983bef6ee431e36031f9dea,036c02cd74958557732672833f47b00d3338b07b4084e68e60612b7f377d8704
P02_Q024,2,3,AA,K3_ENTRY_READY_HOST_D1_GRAPH_MIXED_AA,3,ENTRY_READY_HOST,D1_GRAPH,MIXED,A,ABBA,P02_Q024_A,3,18.704101,6.2347003333333335,1.2469400666666668,801.9631630517821,390074.8825083868,3,15,7296,OK,OK,,True,True,18.672503,0.03159800000000246,e79a7395cbf0b19e04b0a626bcbf5df2a22f908d0983bef6ee431e36031f9dea,036c02cd74958557732672833f47b00d3338b07b4084e68e60612b7f377d8704
P02_Q025,2,0,MIXED_BATCH,K3_ENTRY_READY_HOST_D1_PUBLISHED_SERIAL_MIXED,3,ENTRY_READY_HOST,D1_PUBLISHED,SERIAL,A,ABBA,P02_Q025_A,3,51.891184,17.297061333333335,3.459412266666667,289.06644334806464,140601.91804449863,15,15,7296,OK,OK,,True,True,51.869951,0.021233000000002278,e79a7395cbf0b19e04b0a626bcbf5df2a22f908d0983bef6ee431e36031f9dea,036c02cd74958557732672833f47b00d3338b07b4084e68e60612b7f377d8704
P02_Q025,2,1,MIXED_BATCH,K3_ENTRY_READY_HOST_D1_PUBLISHED_SERIAL_MIXED,3,ENTRY_READY_HOST,D1_PUBLISHED,MIXED,B,ABBA,P02_Q025_B,3,19.758814,6.586271333333333,1.3172542666666667,759.1548764009824,369252.93188143783,3,15,7296,OK,OK,,True,True,19.726701,0.0321130000000025,e79a7395cbf0b19e04b0a626bcbf5df2a22f908d0983bef6ee431e36031f9dea,036c02cd74958557732672833f47b00d3338b07b4084e68e60612b7f377d8704
P02_Q025,2,2,MIXED_BATCH,K3_ENTRY_READY_HOST_D1_PUBLISHED_SERIAL_MIXED,3,ENTRY_READY_HOST,D1_PUBLISHED,MIXED,B,ABBA,P02_Q025_B,3,19.581556,6.527185333333333,1.3054370666666666,766.0269694604453,372595.5179455606,3,15,7296,OK,OK,,True,True,19.549899,0.03165699999999916,e79a7395cbf0b19e04b0a626bcbf5df2a22f908d0983bef6ee431e36031f9dea,036c02cd74958557732672833f47b00d3338b07b4084e68e60612b7f377d8704
P02_Q025,2,3,MIXED_BATCH,K3_ENTRY_READY_HOST_D1_PUBLISHED_SERIAL_MIXED,3,ENTRY_READY_HOST,D1_PUBLISHED,SERIAL,A,ABBA,P02_Q025_A,3,52.238562,17.412854,3.4825708,287.1441981883039,139666.93799879102,15,15,7296,OK,OK,,True,True,52.210589999999996,0.027972000000005437,e79a7395cbf0b19e04b0a626bcbf5df2a22f908d0983bef6ee431e36031f9dea,036c02cd74958557732672833f47b00d3338b07b4084e68e60612b7f377d8704
P02_Q026,2,0,MIXED_BATCH,K3_RESIDENT_IO_D1_GRAPH_SERIAL_MIXED,3,RESIDENT_IO,D1_GRAPH,MIXED,B,BAAB,P02_Q026_B,11,12.167009,1.1060917272727273,0.22121834545454547,4520.420754188643,2198732.6548373555,11,55,26752,OK,OK,,True,True,,,e79a7395cbf0b19e04b0a626bcbf5df2a22f908d0983bef6ee431e36031f9dea,036c02cd74958557732672833f47b00d3338b07b4084e68e60612b7f377d8704
P02_Q026,2,1,MIXED_BATCH,K3_RESIDENT_IO_D1_GRAPH_SERIAL_MIXED,3,RESIDENT_IO,D1_GRAPH,SERIAL,A,BAAB,P02_Q026_A,11,56.283894,5.116717636363636,1.0233435272727271,977.1889627963553,475304.7115041472,55,55,26752,OK,OK,,True,True,,,e79a7395cbf0b19e04b0a626bcbf5df2a22f908d0983bef6ee431e36031f9dea,036c02cd74958557732672833f47b00d3338b07b4084e68e60612b7f377d8704
P02_Q026,2,2,MIXED_BATCH,K3_RESIDENT_IO_D1_GRAPH_SERIAL_MIXED,3,RESIDENT_IO,D1_GRAPH,SERIAL,A,BAAB,P02_Q026_A,11,52.672817,4.788437909090909,0.9576875818181818,1044.1818594969013,507890.0564592928,55,55,26752,OK,OK,,True,True,,,e79a7395cbf0b19e04b0a626bcbf5df2a22f908d0983bef6ee431e36031f9dea,036c02cd74958557732672833f47b00d3338b07b4084e68e60612b7f377d8704
P02_Q026,2,3,MIXED_BATCH,K3_RESIDENT_IO_D1_GRAPH_SERIAL_MIXED,3,RESIDENT_IO,D1_GRAPH,MIXED,B,BAAB,P02_Q026_B,11,13.787008,1.2533643636363636,0.25067287272727273,3989.262935076269,1940377.4916210973,11,55,26752,OK,OK,,True,True,,,e79a7395cbf0b19e04b0a626bcbf5df2a22f908d0983bef6ee431e36031f9dea,036c02cd74958557732672833f47b00d3338b07b4084e68e60612b7f377d8704
P02_Q027,2,0,AA,K6_ENTRY_READY_HOST_D1_GRAPH_MIXED_AA,6,ENTRY_READY_HOST,D1_GRAPH,MIXED,B,BAAB,P02_Q027_B,3,20.517006,6.839002,1.3678004,731.1008243600455,610469.1883406381,3,15,12525,OK,OK,,True,True,20.493389,0.023616999999998,e79a7395cbf0b19e04b0a626bcbf5df2a22f908d0983bef6ee431e36031f9dea,036c02cd74958557732672833f47b00d3338b07b4084e68e60612b7f377d8704
P02_Q027,2,1,AA,K6_ENTRY_READY_HOST_D1_GRAPH_MIXED_AA,6,ENTRY_READY_HOST,D1_GRAPH,MIXED,A,BAAB,P02_Q027_A,3,25.106471,8.368823666666666,1.6737647333333332,597.4555324800527,498875.369620844,3,15,12525,OK,OK,,True,True,25.072322,0.03414899999999932,e79a7395cbf0b19e04b0a626bcbf5df2a22f908d0983bef6ee431e36031f9dea,036c02cd74958557732672833f47b00d3338b07b4084e68e60612b7f377d8704
P02_Q027,2,2,AA,K6_ENTRY_READY_HOST_D1_GRAPH_MIXED_AA,6,ENTRY_READY_HOST,D1_GRAPH,MIXED,A,BAAB,P02_Q027_A,3,21.793301,7.264433666666666,1.4528867333333333,688.2849000250123,574717.8915208853,3,15,12525,OK,OK,,True,True,21.761447,0.03185399999999916,e79a7395cbf0b19e04b0a626bcbf5df2a22f908d0983bef6ee431e36031f9dea,036c02cd74958557732672833f47b00d3338b07b4084e68e60612b7f377d8704
P02_Q027,2,3,AA,K6_ENTRY_READY_HOST_D1_GRAPH_MIXED_AA,6,ENTRY_READY_HOST,D1_GRAPH,MIXED,B,BAAB,P02_Q027_B,3,21.352759,7.117586333333333,1.4235172666666664,702.4853322233441,586575.2524064924,3,15,12525,OK,OK,,True,True,21.321196999999998,0.03156200000000098,e79a7395cbf0b19e04b0a626bcbf5df2a22f908d0983bef6ee431e36031f9dea,036c02cd74958557732672833f47b00d3338b07b4084e68e60612b7f377d8704
P02_Q028,2,0,AA,K6_ENTRY_READY_HOST_D1_GRAPH_SERIAL_AA,6,ENTRY_READY_HOST,D1_GRAPH,SERIAL,A,ABBA,P02_Q028_A,3,58.893443,19.631147666666667,3.9262295333333332,254.69728438189628,212672.2324588834,15,15,12525,OK,OK,,True,True,58.862655000000004,0.030787999999994042,e79a7395cbf0b19e04b0a626bcbf5df2a22f908d0983bef6ee431e36031f9dea,036c02cd74958557732672833f47b00d3338b07b4084e68e60612b7f377d8704
P02_Q028,2,1,AA,K6_ENTRY_READY_HOST_D1_GRAPH_SERIAL_AA,6,ENTRY_READY_HOST,D1_GRAPH,SERIAL,B,ABBA,P02_Q028_B,3,59.277719,19.759239666666666,3.951847933333333,253.04617406077992,211293.55534075122,15,15,12525,OK,OK,,True,True,59.244313000000005,0.033405999999992275,e79a7395cbf0b19e04b0a626bcbf5df2a22f908d0983bef6ee431e36031f9dea,036c02cd74958557732672833f47b00d3338b07b4084e68e60612b7f377d8704
P02_Q028,2,2,AA,K6_ENTRY_READY_HOST_D1_GRAPH_SERIAL_AA,6,ENTRY_READY_HOST,D1_GRAPH,SERIAL,B,ABBA,P02_Q028_B,3,58.020595,19.340198333333333,3.8680396666666668,258.52888961238676,215871.62282634297,15,15,12525,OK,OK,,True,True,57.98902700000001,0.031567999999992935,e79a7395cbf0b19e04b0a626bcbf5df2a22f908d0983bef6ee431e36031f9dea,036c02cd74958557732672833f47b00d3338b07b4084e68e60612b7f377d8704
P02_Q028,2,3,AA,K6_ENTRY_READY_HOST_D1_GRAPH_SERIAL_AA,6,ENTRY_READY_HOST,D1_GRAPH,SERIAL,A,ABBA,P02_Q028_A,3,58.558158,19.519386,3.9038772,256.15559833695585,213889.92461135815,15,15,12525,OK,OK,,True,True,58.525048,0.03311000000000064,e79a7395cbf0b19e04b0a626bcbf5df2a22f908d0983bef6ee431e36031f9dea,036c02cd74958557732672833f47b00d3338b07b4084e68e60612b7f377d8704
P02_Q029,2,0,MIXED_BATCH,K6_ENTRY_READY_HOST_D1_PUBLISHED_SERIAL_MIXED,6,ENTRY_READY_HOST,D1_PUBLISHED,SERIAL,A,ABBA,P02_Q029_A,3,58.978591,19.659530333333333,3.9319060666666665,254.32957528605593,212365.1953638567,15,15,12525,OK,OK,,True,True,58.953061,0.025530000000003383,e79a7395cbf0b19e04b0a626bcbf5df2a22f908d0983bef6ee431e36031f9dea,036c02cd74958557732672833f47b00d3338b07b4084e68e60612b7f377d8704
P02_Q029,2,1,MIXED_BATCH,K6_ENTRY_READY_HOST_D1_PUBLISHED_SERIAL_MIXED,6,ENTRY_READY_HOST,D1_PUBLISHED,MIXED,B,ABBA,P02_Q029_B,3,20.952894,6.984298,1.3968596,715.891561327996,597769.4537088767,3,15,12525,OK,OK,,True,True,20.925228,0.02766599999999997,e79a7395cbf0b19e04b0a626bcbf5df2a22f908d0983bef6ee431e36031f9dea,036c02cd74958557732672833f47b00d3338b07b4084e68e60612b7f377d8704
P02_Q029,2,2,MIXED_BATCH,K6_ENTRY_READY_HOST_D1_PUBLISHED_SERIAL_MIXED,6,ENTRY_READY_HOST,D1_PUBLISHED,MIXED,B,ABBA,P02_Q029_B,3,25.015942,8.338647333333332,1.6677294666666664,599.6176358259866,500680.7259146988,3,15,12525,OK,OK,,True,True,24.985970000000002,0.029971999999997223,e79a7395cbf0b19e04b0a626bcbf5df2a22f908d0983bef6ee431e36031f9dea,036c02cd74958557732672833f47b00d3338b07b4084e68e60612b7f377d8704
P02_Q029,2,3,MIXED_BATCH,K6_ENTRY_READY_HOST_D1_PUBLISHED_SERIAL_MIXED,6,ENTRY_READY_HOST,D1_PUBLISHED,SERIAL,A,ABBA,P02_Q029_A,3,68.615986,22.871995333333334,4.5743990666666665,218.6079494653039,182537.63780352875,15,15,12525,OK,OK,,True,True,68.57965300000001,0.03633299999999906,e79a7395cbf0b19e04b0a626bcbf5df2a22f908d0983bef6ee431e36031f9dea,036c02cd74958557732672833f47b00d3338b07b4084e68e60612b7f377d8704
P02_Q030,2,0,MIXED_BATCH,K6_RESIDENT_IO_D1_PUBLISHED_SERIAL_MIXED,6,RESIDENT_IO,D1_PUBLISHED,MIXED,B,BAAB,P02_Q030_B,9,17.210503,1.9122781111111111,0.38245562222222224,2614.6824412976193,2183259.838483512,9,45,37575,OK,OK,,True,True,,,e79a7395cbf0b19e04b0a626bcbf5df2a22f908d0983bef6ee431e36031f9dea,036c02cd74958557732672833f47b00d3338b07b4084e68e60612b7f377d8704
P02_Q030,2,1,MIXED_BATCH,K6_RESIDENT_IO_D1_PUBLISHED_SERIAL_MIXED,6,RESIDENT_IO,D1_PUBLISHED,SERIAL,A,BAAB,P02_Q030_A,9,65.253049,7.250338777777778,1.4500677555555557,689.6229477338292,575835.1613577474,45,45,37575,OK,OK,,True,True,,,e79a7395cbf0b19e04b0a626bcbf5df2a22f908d0983bef6ee431e36031f9dea,036c02cd74958557732672833f47b00d3338b07b4084e68e60612b7f377d8704
P02_Q030,2,2,MIXED_BATCH,K6_RESIDENT_IO_D1_PUBLISHED_SERIAL_MIXED,6,RESIDENT_IO,D1_PUBLISHED,SERIAL,A,BAAB,P02_Q030_A,9,63.888378,7.098708666666667,1.4197417333333333,704.3534584646991,588135.1378180238,45,45,37575,OK,OK,,True,True,,,e79a7395cbf0b19e04b0a626bcbf5df2a22f908d0983bef6ee431e36031f9dea,036c02cd74958557732672833f47b00d3338b07b4084e68e60612b7f377d8704
P02_Q030,2,3,MIXED_BATCH,K6_RESIDENT_IO_D1_PUBLISHED_SERIAL_MIXED,6,RESIDENT_IO,D1_PUBLISHED,MIXED,B,BAAB,P02_Q030_B,9,17.9649,1.9961,0.39922,2504.8845248234056,2091578.5782275437,9,45,37575,OK,OK,,True,True,,,e79a7395cbf0b19e04b0a626bcbf5df2a22f908d0983bef6ee431e36031f9dea,036c02cd74958557732672833f47b00d3338b07b4084e68e60612b7f377d8704
P02_Q031,2,0,MIXED_BATCH,K6_ENTRY_READY_HOST_D1_GRAPH_SERIAL_MIXED,6,ENTRY_READY_HOST,D1_GRAPH,SERIAL,A,ABBA,P02_Q031_A,3,60.41872,20.139573333333335,4.027914666666667,248.26742440091414,207303.2993747633,15,15,12525,OK,OK,,True,True,60.389288,0.029431999999999903,e79a7395cbf0b19e04b0a626bcbf5df2a22f908d0983bef6ee431e36031f9dea,036c02cd74958557732672833f47b00d3338b07b4084e68e60612b7f377d8704
P02_Q031,2,1,MIXED_BATCH,K6_ENTRY_READY_HOST_D1_GRAPH_SERIAL_MIXED,6,ENTRY_READY_HOST,D1_GRAPH,MIXED,B,ABBA,P02_Q031_B,3,20.744092,6.914697333333333,1.3829394666666666,723.0974486615274,603786.3696323754,3,15,12525,OK,OK,,True,True,20.711382,0.03270999999999802,e79a7395cbf0b19e04b0a626bcbf5df2a22f908d0983bef6ee431e36031f9dea,036c02cd74958557732672833f47b00d3338b07b4084e68e60612b7f377d8704
P02_Q031,2,2,MIXED_BATCH,K6_ENTRY_READY_HOST_D1_GRAPH_SERIAL_MIXED,6,ENTRY_READY_HOST,D1_GRAPH,MIXED,B,ABBA,P02_Q031_B,3,20.809128,6.936376,1.3872752,720.8375093853043,601899.3203367292,3,15,12525,OK,OK,,True,True,20.776387,0.03274100000000146,e79a7395cbf0b19e04b0a626bcbf5df2a22f908d0983bef6ee431e36031f9dea,036c02cd74958557732672833f47b00d3338b07b4084e68e60612b7f377d8704
P02_Q031,2,3,MIXED_BATCH,K6_ENTRY_READY_HOST_D1_GRAPH_SERIAL_MIXED,6,ENTRY_READY_HOST,D1_GRAPH,SERIAL,A,ABBA,P02_Q031_A,3,59.081592,19.693864,3.9387728,253.88618505743716,211994.96452296004,15,15,12525,OK,OK,,True,True,59.047203999999994,0.03438800000000697,e79a7395cbf0b19e04b0a626bcbf5df2a22f908d0983bef6ee431e36031f9dea,036c02cd74958557732672833f47b00d3338b07b4084e68e60612b7f377d8704
